Kategori,Kitap Adı ve Yazar,Fiyat,Link
Polisiye,Cehennem Diskosu - Güneşsiz Cilt 1 - Jean-Christophe Grange,"258,70 TL",https://www.dr.com.tr/kitap/cehennem-diskosu-gunessiz-cilt-1/edebiyat/roman/polisiye/urunno=0002183226001
Polisiye,Agatha'nın Anahtarı - Ahmet Ümit,"107,82 TL",https://www.dr.com.tr/kitap/agatha%E2%80%99nin-anahtari/ahmet-umit/edebiyat/roman/polisiye/urunno=0001850944001
Polisiye,İmzalı - Yırtıcı Kuşlar Zamanı - Ahmet Ümit,"215,64 TL",https://www.dr.com.tr/kitap/imzali-yirtici-kuslar-zamani/ahmet-umit/edebiyat/roman/polisiye/urunno=0002159963001
Polisiye,On Kişiydiler (On Küçük Zenci) - Agatha Christie,"149,89 TL",https://www.dr.com.tr/kitap/on-kisiydiler/agatha-christie/edebiyat/roman/polisiye/urunno=0001906264001
Polisiye,Smyrna Cehennemi - Helen Akkaya Bayındır,"155,74 TL",https://www.dr.com.tr/kitap/smyrna-cehennemi/edebiyat/roman/polisiye/urunno=0002184414001
Polisiye,Beyoğlu'nun En Güzel Abisi - Ahmet Ümit,"287,52 TL",https://www.dr.com.tr/kitap/beyoglunun-en-guzel-abisi/edebiyat/roman/polisiye/urunno=0001852467001
Polisiye,Kızıl Karma - Jean-Christophe Grange,"357,21 TL",https://www.dr.com.tr/kitap/kizil-karma/jean-christophe-grange/edebiyat/roman/polisiye/urunno=0002103875001
Polisiye,Doğu Ekspresi'nde Cinayet - Agatha Christie,"188,21 TL",https://www.dr.com.tr/kitap/dogu-ekspresinde-cinayet/edebiyat/roman/polisiye/urunno=0000000059213
Polisiye,İstanbul Hatırası - Ahmet Ümit,"287,52 TL",https://www.dr.com.tr/kitap/istanbul-hatirasi/ahmet-umit/edebiyat/roman/polisiye/urunno=0001846444001
Polisiye,Sessiz Hasta - Alex Michaelides,"235,71 TL",https://www.dr.com.tr/kitap/sessiz-hasta/alex-michaelides/edebiyat/roman/polisiye/urunno=0001909578001
Polisiye,Arden 1 - Işıl Işık,"175,65 TL",https://www.dr.com.tr/kitap/arden-1/edebiyat/roman/polisiye/urunno=0002176969001
Polisiye,Kukla - Ahmet Ümit,"287,52 TL",https://www.dr.com.tr/kitap/kukla/edebiyat/roman/polisiye/urunno=0001853622001
Polisiye,Taş Kağıt Makas - Alice Feeney,"167,72 TL",https://www.dr.com.tr/kitap/tas-kagit-makas/alice-feeney/edebiyat/roman/polisiye/urunno=0002035013001
Polisiye,Ayna Adam - Lars Kepler,"363,45 TL",https://www.dr.com.tr/kitap/ayna-adam/lars-kepler/edebiyat/roman/polisiye/urunno=0002181133001
Polisiye,Tepenin Laneti - John Verdon,"178,48 TL",https://www.dr.com.tr/kitap/tepenin-laneti/john-verdon/edebiyat/roman/polisiye/urunno=0001918117001
Polisiye,Abum Rabum - İskender Pala,"236,75 TL",https://www.dr.com.tr/kitap/abum-rabum/edebiyat/roman/polisiye/urunno=0001736453001
Polisiye,Sis ve Gece - Ahmet Ümit,"191,68 TL",https://www.dr.com.tr/kitap/sis-ve-gece/ahmet-umit/edebiyat/roman/polisiye/urunno=0001846446001
Polisiye,Korktuğun Ne Varsa - Alex Finlay,"233,61 TL",https://www.dr.com.tr/kitap/korktugun-ne-varsa/edebiyat/roman/polisiye/urunno=0002183490001
Polisiye,Arden 1 - Özel Kutulu Set - Işıl Işık,"308,28 TL",https://www.dr.com.tr/kitap/arden-1-ozel-kutulu-set/edebiyat/roman/polisiye/urunno=0002176955001
Polisiye,Şeytan Ayrıntıda Gizlidir - Ahmet Ümit,"149,75 TL",https://www.dr.com.tr/kitap/seytan-ayrintida-gizlidir/edebiyat/roman/polisiye/urunno=0001852468001
Polisiye,Acı Kahve - Agatha Christie,"102,06 TL",https://www.dr.com.tr/kitap/aci-kahve/edebiyat/roman/polisiye/urunno=0000000059796
Polisiye,Arsen Lüpen - Kibar Hırsız - Maurice Leblanc,"161,75 TL",https://www.dr.com.tr/kitap/arsen-lupen-kibar-hirsiz/edebiyat/roman/polisiye/urunno=0001907997001
Polisiye,Yılan Avı - John Verdon,"178,48 TL",https://www.dr.com.tr/kitap/yilan-avi/john-verdon/edebiyat/roman/polisiye/urunno=0002083633001
Polisiye,Bir Annenin Mezarı - Dedektif Josie Quinn 3 - Lisa Regan,"164,15 TL",https://www.dr.com.tr/kitap/bir-annenin-mezari-dedektif-josie-quinn-3/edebiyat/roman/polisiye/urunno=0002180810001
Polisiye,Aşkımız Eski Bir Roman - Ahmet Ümit,"149,75 TL",https://www.dr.com.tr/kitap/askimiz-eski-bir-roman/ahmet-umit/edebiyat/roman/polisiye/urunno=0001837961001
Polisiye,Kavim - Ahmet Ümit,"287,52 TL",https://www.dr.com.tr/kitap/kavim/ahmet-umit/edebiyat/roman/polisiye/urunno=0001846487001
Polisiye,Komplo - Bir Komiser Haritos Polisiyesi 14 - Petros Markaris,"178,48 TL",https://www.dr.com.tr/kitap/komplo-bir-komiser-haritos-polisiyesi-14/edebiyat/roman/polisiye/urunno=0002184439001
Polisiye,Beyoğlu Rapsodisi - Ahmet Ümit,"251,58 TL",https://www.dr.com.tr/kitap/beyoglu-rapsodisi/edebiyat/roman/polisiye/urunno=0001852469001
Polisiye,Beş Küçük Domuz - Agatha Christie,"133,73 TL",https://www.dr.com.tr/kitap/bes-kucuk-domuz/edebiyat/roman/polisiye/urunno=0000000143332
Polisiye,Ruh Koleksiyoncusu - Tess Gerritsen,"255,15 TL",https://www.dr.com.tr/kitap/ruh-koleksiyoncusu/edebiyat/roman/polisiye/urunno=0001746381001
Polisiye,Roger Ackroyd Cinayeti - Agatha Christie,"200,72 TL",https://www.dr.com.tr/kitap/roger-ackroyd-cinayeti/edebiyat/roman/polisiye/urunno=0000000123309
Polisiye,Sherlock Holmes Dörtlerin İmzası - Sir Arthur Conan Doyle,"82,25 TL",https://www.dr.com.tr/kitap/sherlock-holmes-dortlerin-imzasi/edebiyat/roman/polisiye/urunno=0001694130001
Polisiye,Ninatta'nın Bileziği - Ahmet Ümit,"89,85 TL",https://www.dr.com.tr/kitap/ninattanin-bilezigi/edebiyat/roman/polisiye/urunno=0001852483001
Polisiye,Fırtınada Yanacaksın - John Verdon,"178,48 TL",https://www.dr.com.tr/kitap/firtinada-yanacaksin/edebiyat/roman/polisiye/urunno=0001780436001
Polisiye,Cinayet Alfabesi-Tam Metin - Agatha Christie,"176,36 TL",https://www.dr.com.tr/kitap/cinayet-alfabesi-tam-metin/edebiyat/roman/polisiye/urunno=0001784234001
Polisiye,Ecel Çiçekleri - Elçin Poyrazlar,"182,25 TL",https://www.dr.com.tr/kitap/ecel-cicekleri/edebiyat/roman/polisiye/urunno=0001905702001
Polisiye,Ona Kadar Say 2 - Körebe - Işıl Işık,"188,21 TL",https://www.dr.com.tr/kitap/ona-kadar-say-2-korebe/isil-isik/edebiyat/roman/polisiye/urunno=0002133800001
Polisiye,Bab - ı Esrar - Ahmet Ümit,"329,45 TL",https://www.dr.com.tr/kitap/bab-i-esrar/ahmet-umit/edebiyat/roman/polisiye/urunno=0001846445001
Polisiye,Ruhi Mücerret - Murat Menteş,"258,50 TL",https://www.dr.com.tr/kitap/ruhi-mucerret/murat-mentes/edebiyat/roman/polisiye/urunno=0001862356001
Polisiye,Kardan Adamın Külleri - Kutulu Set - Işıl Işık,"299,00 TL",https://www.dr.com.tr/kitap/kardan-adamin-kulleri-kutulu-set/edebiyat/roman/polisiye/urunno=0002156149001
Polisiye,Cerrah - Tess Gerritsen,"255,15 TL",https://www.dr.com.tr/kitap/cerrah/edebiyat/roman/polisiye/urunno=0001746383001
Polisiye,Çıplak Ayaklıydı Gece - Ahmet Ümit,"95,84 TL",https://www.dr.com.tr/kitap/ciplak-ayakliydi-gece/edebiyat/roman/polisiye/urunno=0001853621001
Polisiye,Kırlangıç Çığlığı - Ahmet Ümit,"275,54 TL",https://www.dr.com.tr/kitap/kirlangic-cigligi/ahmet-umit/edebiyat/roman/polisiye/urunno=0001843343001
Polisiye,Kumarbaz - Bir Başkomiser Perihan Uygur Polisiyesi - Tuna Kiremitçi,"244,75 TL",https://www.dr.com.tr/kitap/kumarbaz-bir-baskomiser-perihan-uygur-polisiyesi/edebiyat/roman/polisiye/urunno=0002172038001
Polisiye,Kar Kokusu - Ahmet Ümit,"179,70 TL",https://www.dr.com.tr/kitap/kar-kokusu/edebiyat/roman/polisiye/urunno=0001853620001
Polisiye,Bir Ses Böler Geceyi - Ahmet Ümit,"119,80 TL",https://www.dr.com.tr/kitap/bir-ses-boler-geceyi/edebiyat/roman/polisiye/urunno=0001853623001
Polisiye,Mavi Trenin Esrarı - Agatha Christie,"195,85 TL",https://www.dr.com.tr/kitap/mavi-trenin-esrari/edebiyat/roman/polisiye/urunno=0000000191069
Polisiye,Sherlock Holmes - Suç Uyanıyor - Bütün Hikayeler 1 - Sir Arthur Conan Doyle,"109,75 TL",https://www.dr.com.tr/kitap/sherlock-holmes-suc-uyaniyor-butun-hikayeler-1/edebiyat/roman/polisiye/urunno=0000000701287
Polisiye,Sherlock Holmes Baskervillelerin Köpeği - Sir Arthur Conan Doyle,"82,25 TL",https://www.dr.com.tr/kitap/sherlock-holmes-baskervillelerin-kopegi/edebiyat/roman/polisiye/urunno=0001694131001
Polisiye,Çırak - Tess Gerritsen,"223,75 TL",https://www.dr.com.tr/kitap/cirak/edebiyat/roman/polisiye/urunno=0001750343001
Polisiye,Çıkmaz: Jellicoe Çıkmazı - Maeve Kerrigan Seris... - Jane Casey,"182,98 TL",https://www.dr.com.tr/kitap/cikmaz-jellicoe-cikmazi-maeve-kerrigan-serisi-10/jane-casey/edebiyat/roman/polisiye/urunno=0002128272001
Polisiye,Arkadaşı Suçlamak Cilt 2 - Lee Kkoch - Nim,"149,27 TL",https://www.dr.com.tr/kitap/arkadasi-suclamak-cilt-2/edebiyat/roman/polisiye/urunno=0002173769001
Polisiye,Çatı Katı - Tünelden Önceki Beyaz Ev - Işıl Işık,"201,19 TL",https://www.dr.com.tr/kitap/cati-kati-tunelden-onceki-beyaz-ev/isil-isik/edebiyat/roman/polisiye/urunno=0001994631001
Polisiye,Sultanı Öldürmek - Ahmet Ümit,"233,61 TL",https://www.dr.com.tr/kitap/sultani-oldurmek/ahmet-umit/edebiyat/roman/polisiye/urunno=0001846489001
Polisiye,Üçüncü Kız - Agatha Christie,"155,05 TL",https://www.dr.com.tr/kitap/ucuncu-kiz/edebiyat/roman/polisiye/urunno=0000000185680
Polisiye,Liste - Timur Soykan,"185,70 TL",https://www.dr.com.tr/kitap/liste-clz/edebiyat/roman/polisiye/urunno=0000000692726
Polisiye,Sherlock Holmes Kızıl Dosya - Sir Arthur Conan Doyle,"82,25 TL",https://www.dr.com.tr/kitap/sherlock-holmes-kizil-dosya/edebiyat/roman/polisiye/urunno=0001690572001
Polisiye,Sessiz Kız - Tess Gerritsen,"230,75 TL",https://www.dr.com.tr/kitap/sessiz-kiz/edebiyat/roman/polisiye/urunno=0001745009001
Polisiye,Ne Yaptığını Biliyorum - Alice Feeney,"167,72 TL",https://www.dr.com.tr/kitap/ne-yaptigini-biliyorum/alice-feeney/edebiyat/roman/polisiye/urunno=0001959814001
Polisiye,Kayıp Tanrılar Ülkesi - Ahmet Ümit,"275,54 TL",https://www.dr.com.tr/kitap/kayip-tanrilar-ulkesi/ahmet-umit/edebiyat/roman/polisiye/urunno=0001924003001
Polisiye,Kardan Adam - Jo Nesbo,"258,75 TL",https://www.dr.com.tr/kitap/kardan-adam/edebiyat/roman/polisiye/urunno=0000000667624
Polisiye,Sherlock Holmes - Oyun Başladı - Bütün Hikayeler 2 - Sir Arthur Conan Doyle,"109,75 TL",https://www.dr.com.tr/kitap/sherlock-holmes-oyun-basladi-butun-hikayeler-2/edebiyat/roman/polisiye/urunno=0000000701294
Polisiye,Kan Gölü - Tess Gerritsen,"251,75 TL",https://www.dr.com.tr/kitap/kan-golu/edebiyat/roman/polisiye/urunno=0001772603001
Polisiye,Tünelden Önceki Beyaz Ev - Işıl Işık,"201,19 TL",https://www.dr.com.tr/kitap/tunelden-onceki-beyaz-ev/isil-isik/edebiyat/roman/polisiye/urunno=0001926495001
Polisiye,Arkadaşı Suçlamak - Lee Kkoch - Nim,"137,41 TL",https://www.dr.com.tr/kitap/arkadasi-suclamak/lee-kkochnim/edebiyat/roman/polisiye/urunno=0002080063001
Polisiye,Aile İçi Cinayet - Cara Hunter,"193,48 TL",https://www.dr.com.tr/kitap/aile-ici-cinayet/cara-hunter/edebiyat/roman/polisiye/urunno=0002116465001
Polisiye,Seni Bulacağım - I Will Find You - Harlan Coben,"328,50 TL",https://www.dr.com.tr/kitap/seni-bulacagim/harlan-coben/edebiyat/roman/polisiye/urunno=0002108472001
Polisiye,Ailemdeki Herkes Birini Öldürdü - Benjamin Stevenson,"182,50 TL",https://www.dr.com.tr/kitap/ailemdeki-herkes-birini-oldurdu/ertugrul-gazi-derhem/edebiyat/roman/polisiye/urunno=0002108038001
Polisiye,Veyl - Kötülerin Şehri - Fatma Şamata,"295,30 TL",https://www.dr.com.tr/kitap/veyl-kotulerin-sehri/edebiyat/roman/polisiye/urunno=0002156507002
Polisiye,Kızıl Ölümün Maskesi - Edgar Allan Poe,"119,80 TL",https://www.dr.com.tr/kitap/kizil-olumun-maskesi/edgar-allan-poe/edebiyat/roman/polisiye/urunno=0002167599001
Polisiye,Şüpheli X - Keigo Higashino,"213,86 TL",https://www.dr.com.tr/kitap/supheli-x/keigo-higashino/edebiyat/roman/polisiye/urunno=0002182445001
Polisiye,Korkma Ben Varım - Murat Menteş,"299,00 TL",https://www.dr.com.tr/kitap/korkma-ben-varim/murat-mentes/edebiyat/roman/polisiye/urunno=0001877633001
Polisiye,Altı Saniye - Fatma Şamata,"181,72 TL",https://www.dr.com.tr/kitap/alti-saniye/edebiyat/roman/polisiye/urunno=0002172928001
Polisiye,Sherlock Holmes Serisi Kutulu Set - 5 Kitap Takım - Arthur Conan Doyle,"383,15 TL",https://www.dr.com.tr/kitap/sherlock-holmes-serisi-kutulu-set-5-kitap-takim/edebiyat/roman/polisiye/urunno=0001949401001
Polisiye,Sessiz Tanık - Agatha Christie,"209,86 TL",https://www.dr.com.tr/kitap/sessiz-tanik/edebiyat/roman/polisiye/urunno=0000000339063
Polisiye,Noel'de Cinayet - Agatha Christie,"128,95 TL",https://www.dr.com.tr/kitap/noelde-cinayet/edebiyat/roman/polisiye/urunno=0000000059336
Polisiye,Büyük Dörtler - Agatha Christie,"149,77 TL",https://www.dr.com.tr/kitap/buyuk-dortler/edebiyat/roman/polisiye/urunno=0000000166416
Polisiye,Baba - Mario Puzo,"297,89 TL",https://www.dr.com.tr/kitap/baba/mario-puzo/edebiyat/roman/polisiye/urunno=0000000058944
Polisiye,Sherlock Holmes - Şüphenin İzinde - Bütün Hikay... - Sir Arthur Conan Doyle,"109,75 TL",https://www.dr.com.tr/kitap/sherlock-holmes-suphenin-izinde-butun-hikayeler-3/edebiyat/roman/polisiye/urunno=0000000701297
Polisiye,Yarasa - Jo Nesbo,"262,44 TL",https://www.dr.com.tr/kitap/yarasa/edebiyat/roman/polisiye/urunno=0000000715174
Polisiye,Hamamböcekleri - Jo Nesbo,"262,44 TL",https://www.dr.com.tr/kitap/hamambocekleri/edebiyat/roman/polisiye/urunno=0001724592001
Polisiye,Son Av - Jean-Christophe Grange,"218,70 TL",https://www.dr.com.tr/kitap/son-av/jean-christophe-grange/edebiyat/roman/polisiye/urunno=0001862044001
Polisiye,Bodrum Katı - Tünelden Önceki Beyaz Ev - Işıl Işık,"201,19 TL",https://www.dr.com.tr/kitap/bodrum-kati-tunelden-onceki-beyaz-ev/isil-isik/edebiyat/roman/polisiye/urunno=0001964634001
Polisiye,Kapalı Kapılar Ardında - Jane Casey,"182,98 TL",https://www.dr.com.tr/kitap/kapali-kapilar-ardinda/jane-casey/edebiyat/roman/polisiye/urunno=0002082661001
Polisiye,Son Hawthorne Hamlesi - Jennifer Lynn Barnes,"276,25 TL",https://www.dr.com.tr/kitap/son-hawthorne-hamlesi/jennifer-lynn-barnes/edebiyat/roman/polisiye/urunno=0002108316001
Polisiye,Kıskanç Adam - Jo Nesbo,"174,96 TL",https://www.dr.com.tr/kitap/kiskanc-adam/jo-nesbo/edebiyat/roman/polisiye/urunno=0002131257001
Polisiye,Tarikat - Camilla Lackberg,"357,21 TL",https://www.dr.com.tr/kitap/tarikat/edebiyat/roman/polisiye/urunno=0002137906001
Polisiye,Baki Karanlık - William McIlvanney,"196,83 TL",https://www.dr.com.tr/kitap/baki-karanlik/edebiyat/roman/polisiye/urunno=0002183386001
Polisiye,Ağustos Sıcağı - Komiser Montalbano Serisi 10 - Andrea Camilleri,"261,00 TL",https://www.dr.com.tr/kitap/agustos-sicagi-komiser-montalbano-serisi-10/andrea-camilleri/edebiyat/roman/polisiye/urunno=0002184675001
Polisiye,Yitik Kızlar - Alex Michaelides,"235,71 TL",https://www.dr.com.tr/kitap/yitik-kizlar/edebiyat/roman/polisiye/urunno=0001985257001
Polisiye,Kardan Adamın Külleri - Işıl Işık,"185,60 TL",https://www.dr.com.tr/kitap/kardan-adamin-kulleri/edebiyat/roman/polisiye/urunno=0002156070001
Polisiye,Haliç Manzaralı Cinayet - Celil Oker,"99,95 TL",https://www.dr.com.tr/kitap/halic-manzarali-cinayet/edebiyat/roman/polisiye/urunno=0002154383001
Polisiye,Göldeki Kadın - Laura Lippman,"155,76 TL",https://www.dr.com.tr/kitap/goldeki-kadin/laura-lippman/edebiyat/roman/polisiye/urunno=0002116182001
Polisiye,Tekrar Düşün - Charlie Donlea,"203,70 TL",https://www.dr.com.tr/kitap/tekrar-dusun/edebiyat/roman/polisiye/urunno=0002183685001
Polisiye,Örümcek Ağı - Agatha Christie,"136,17 TL",https://www.dr.com.tr/kitap/orumcek-agi/edebiyat/roman/polisiye/urunno=0001760696001
Polisiye,Sherlock Holmes - Bir Suçun Portresi - Bütün Hi... - Sir Arthur Conan Doyle,"109,75 TL",https://www.dr.com.tr/kitap/sherlock-holmes-bir-sucun-portresi-butun-hikayeler-4/edebiyat/roman/polisiye/urunno=0000000701301
Polisiye,16.50 Treni - Agatha Christie,"195,85 TL",https://www.dr.com.tr/kitap/16-50-treni/edebiyat/roman/polisiye/urunno=0000000161318
Polisiye,Cinayetler Oteli - Agatha Christie,"108,07 TL",https://www.dr.com.tr/kitap/cinayetler-oteli/edebiyat/roman/polisiye/urunno=0000000059441
Polisiye,Beklenmeyen Misafir - Agatha Christie,"121,11 TL",https://www.dr.com.tr/kitap/beklenmeyen-misafir/edebiyat/roman/polisiye/urunno=0000000059849
Polisiye,Guguk Kuşu-Cormoran Strike 1 - Robert Galbraith,"314,50 TL",https://www.dr.com.tr/kitap/guguk-kusu-cormoran-strike-1/edebiyat/roman/polisiye/urunno=0000000603755
Polisiye,Gecenin Kutsal Karanlığı - Mıchael Connelly,"257,35 TL",https://www.dr.com.tr/kitap/gecenin-kutsal-karanligi/edebiyat/roman/polisiye/urunno=0001917210001
Polisiye,Gerçeğin İzinde - Ruth Ware,"313,98 TL",https://www.dr.com.tr/kitap/gercegin-izinde/edebiyat/roman/polisiye/urunno=0002175957001
Polisiye,Ölüler İşaret Vermez - Molly Thynne,"224,70 TL",https://www.dr.com.tr/kitap/oluler-isaret-vermez/edebiyat/roman/polisiye/urunno=0002184380001
Polisiye,Gölge Ölüm - Bir Eve Dallas Polisiyesi - Nora Roberts,"157,25 TL",https://www.dr.com.tr/kitap/golge-olum-bir-eve-dallas-polisiyesi/edebiyat/roman/polisiye/urunno=0001985371001
Polisiye,Taş Meclisi - Jean-Christophe Grange,"273,38 TL",https://www.dr.com.tr/kitap/tas-meclisi/jean-christophe-grange/edebiyat/roman/polisiye/urunno=0000000107221
Polisiye,Alice Feeney Seti - 3 Kitap Takım - Alice Feeney,"423,50 TL",https://www.dr.com.tr/kitap/alice-feeney-seti-3-kitap-takim/edebiyat/roman/polisiye/urunno=0002172070001
Polisiye,Daha Yakından Bak - David Ellis,"308,21 TL",https://www.dr.com.tr/kitap/daha-yakindan-bak/edebiyat/roman/polisiye/urunno=0002185627001
Polisiye,Nuh'un Gemisinde Cinayet - Molly Thynne,"351,00 TL",https://www.dr.com.tr/kitap/nuhun-gemisinde-cinayet/edebiyat/roman/polisiye/urunno=0002151527001
Polisiye,Güvercinler Arasında Bir Kedi - Agatha Christie,"214,17 TL",https://www.dr.com.tr/kitap/guvercinler-arasinda-bir-kedi/edebiyat/roman/polisiye/urunno=0000000402634
Polisiye,Sisle Gelen Yolcu - Jean-Christophe Grange,"367,25 TL",https://www.dr.com.tr/kitap/sisle-gelen-yolcu/edebiyat/roman/polisiye/urunno=0000000401521
Polisiye,Son Evdeki Tehlike - Agatha Christie,"176,36 TL",https://www.dr.com.tr/kitap/son-evdeki-tehlike/edebiyat/roman/polisiye/urunno=0000000450162
Polisiye,Ahlaksız - Brian Freeman,"217,21 TL",https://www.dr.com.tr/kitap/ahlaksiz/edebiyat/roman/polisiye/urunno=0000000380420
Polisiye,Yedilerin Gizemi - Agatha Christie,"214,17 TL",https://www.dr.com.tr/kitap/yedilerin-gizemi/edebiyat/roman/polisiye/urunno=0000000646425
Polisiye,Kurtlar İmparatorluğu - Jean-Christophe Grange,"251,75 TL",https://www.dr.com.tr/kitap/kurtlar-imparatorlugu/edebiyat/roman/polisiye/urunno=0000000138471
Polisiye,Bayan McGinty'nin Ölümü - Agatha Christie,"194,70 TL",https://www.dr.com.tr/kitap/bayan-mcgintynin-olumu/edebiyat/roman/polisiye/urunno=0000000309287
Polisiye,Katili Olmayan Adam - Hjorth Rosenfeldt,"200,65 TL",https://www.dr.com.tr/kitap/katili-olmayan-adam/edebiyat/roman/polisiye/urunno=0000000636610
Polisiye,Çarpık Evdeki Cesetler - Agatha Christie,"169,05 TL",https://www.dr.com.tr/kitap/carpik-evdeki-cesetler/edebiyat/roman/polisiye/urunno=0000000590060
Polisiye,Her Çikolata Yenmez - Sevil Atasoy,"218,70 TL",https://www.dr.com.tr/kitap/her-cikolata-yenmez/edebiyat/roman/polisiye/urunno=0000000354266
Polisiye,Simyanın Büyüsü - Annette Neubauer,"157,50 TL",https://www.dr.com.tr/kitap/simyanin-buyusu/edebiyat/roman/polisiye/urunno=0000000701170
Polisiye,Sherlock Holmes Korku Vadisi - Sir Arthur Conan Doyle,"89,85 TL",https://www.dr.com.tr/kitap/sherlock-holmes-korku-vadisi/edebiyat/roman/polisiye/urunno=0001693034001
Çocuk,Telefon Melefon Yok! - Şermin Yaşar,"157,66 TL",https://www.dr.com.tr/kitap/telefon-melefon-yok/cocuk-ve-genclik/genclik-10-yas/roman-oyku/urunno=0002184191001
Çocuk,Yemek Seçen Kirpi - Bilgi Sayfalarıyla - Andrea Reitmeyer,"61,77 TL",https://www.dr.com.tr/kitap/yemek-secen-kirpi-bilgi-sayfalariyla/cocuk-ve-genclik/okul-oncesi-6-ay-5-yas/egitim-etkinlik-kitaplari/urunno=0002011826001
Çocuk,Harry Potter Özel Kutulu Set - 7 Kitap Takım - J. K. Rowling,"1.881,86 TL",https://www.dr.com.tr/kitap/harry-potter-ozel-kutulu-set-7-kitap-takim/cocuk-ve-genclik/genclik-10-yas/fantastik-bilim-kurgu/urunno=0001802610001
Çocuk,Paylaşmak İstemeyen Ayı - Oakley Graham,"51,51 TL",https://www.dr.com.tr/kitap/paylasmak-istemeyen-ayi/oakley-graham/cocuk-ve-genclik/okul-oncesi-6-ay-5-yas/egitim-etkinlik-kitaplari/urunno=0002029685001
Çocuk,Hayvanat Bahçesinde Uyku Zamanı - Sophie Schoenwald,"52,71 TL",https://www.dr.com.tr/kitap/hayvanat-bahcesinde-uyku-zamani/sophie-schoenwald/cocuk-ve-genclik/okul-oncesi-6-ay-5-yas/egitim-etkinlik-kitaplari/urunno=0001925655001
Çocuk,Küçük Kuyruklu Yıldız - Doğanın Eşsiz 14 Hikaye... - Wednesday Jones,"58,70 TL",https://www.dr.com.tr/kitap/kucuk-kuyruklu-yildiz-doganin-essiz-14-hikayeleri/wednesday-jones/cocuk-ve-genclik/okul-oncesi-6-ay-5-yas/egitim-etkinlik-kitaplari/urunno=0002177476001
Çocuk,Kınalı Serçe - Şermin Yaşar,"176,70 TL",https://www.dr.com.tr/kitap/kinali-serce/cocuk-ve-genclik/genclik-10-yas/roman-oyku/urunno=0002158481001
Çocuk,Monti Başım Dertte - Duncan Beedie,"58,70 TL",https://www.dr.com.tr/kitap/monti-basim-dertte/cocuk-ve-genclik/okul-oncesi-6-ay-5-yas/egitim-etkinlik-kitaplari/urunno=0002161762001
Çocuk,Geçmiş Olsun Tarçın! - Andreas König,"52,71 TL",https://www.dr.com.tr/kitap/gecmis-olsun-tarcin/andreas-konig/cocuk-ve-genclik/okul-oncesi-6-ay-5-yas/egitim-etkinlik-kitaplari/urunno=0002086035001
Çocuk,Küçük Arı - Doğanın Eşsiz Hikayeleri 9 - Katie Taylor,"52,71 TL",https://www.dr.com.tr/kitap/kucuk-ari-doganin-essiz-hikayeleri-9/cocuk-ve-genclik/okul-oncesi-6-ay-5-yas/egitim-etkinlik-kitaplari/urunno=0002117199001
Çocuk,Sevginin Gücü - Caroline Richards,"44,33 TL",https://www.dr.com.tr/kitap/sevginin-gucu/cocuk-ve-genclik/okul-oncesi-6-ay-5-yas/egitim-etkinlik-kitaplari/urunno=0001853072001
Çocuk,Robonlar 2 - Bir Hayal Operasyonu - Mert Arık,"94,25 TL",https://www.dr.com.tr/kitap/robonlar-2-bir-hayal-operasyonu/cocuk-ve-genclik/genclik-10-yas/roman-oyku/urunno=0002183236001
Çocuk,Çantamdan Fil Çıktı - Mert Arık,"74,90 TL",https://www.dr.com.tr/kitap/cantamdan-fil-cikti/mert-arik/cocuk-ve-genclik/genclik-10-yas/roman-oyku/urunno=0002044228001
Çocuk,Her Zaman Yanında Olacağım - Christopher Cheng,"44,33 TL",https://www.dr.com.tr/kitap/her-zaman-yaninda-olacagim/christopher-cheng/cocuk-ve-genclik/okul-oncesi-6-ay-5-yas/egitim-etkinlik-kitaplari/urunno=0001950375001
Çocuk,Tarçın ile En İyi Arkadaşları - Andreas König,"52,71 TL",https://www.dr.com.tr/kitap/tarcin-ile-en-iyi-arkadaslari/cocuk-ve-genclik/okul-oncesi-6-ay-5-yas/egitim-etkinlik-kitaplari/urunno=0001929010001
Çocuk,Hapı Yuttuk Eczanesi - Mert Arık,"64,35 TL",https://www.dr.com.tr/kitap/hapi-yuttuk-eczanesi/mert-arik/cocuk-ve-genclik/genclik-10-yas/roman-oyku/urunno=0002162916001
Çocuk,Anne Terliği - Anıl Basılı,"96,53 TL",https://www.dr.com.tr/kitap/anne-terligi/cocuk-ve-genclik/genclik-10-yas/roman-oyku/urunno=0002155426001
Çocuk,Hadi Sarılalım Anneciğim - Melanie Joyce,"40,73 TL",https://www.dr.com.tr/kitap/hadi-sarilalim-annecigim/cocuk-ve-genclik/okul-oncesi-6-ay-5-yas/masal-hikaye-kitaplari/urunno=0001897588001
Çocuk,Benim Zürafam Uçabilir - Mert Arık,"74,90 TL",https://www.dr.com.tr/kitap/benim-zurafam-ucabilir/cocuk-ve-genclik/okul-cagi-6-10-yas/cocuk-oyku-hikaye/urunno=0001934913001
Çocuk,Harry Potter ve Felsefe Taşı - 1.Kitap - J. K. Rowling,"149,75 TL",https://www.dr.com.tr/kitap/harry-potter-ve-felsefe-tasi-1kitap/j-k-rowling/cocuk-ve-genclik/genclik-10-yas/fantastik-bilim-kurgu/urunno=0000000105599
Çocuk,Uyku Saati Hikayeleri - 5 Dakikalık Hikayeler - Stephanie Moss,"69,48 TL",https://www.dr.com.tr/kitap/uyku-saati-hikayeleri-5-dakikalik-hikayeler/cocuk-ve-genclik/okul-oncesi-6-ay-5-yas/egitim-etkinlik-kitaplari/urunno=0001983092001
Çocuk,Tarçın ve Gizemli Sesler - Andreas König,"52,71 TL",https://www.dr.com.tr/kitap/tarcin-ve-gizemli-sesler/cocuk-ve-genclik/okul-oncesi-6-ay-5-yas/egitim-etkinlik-kitaplari/urunno=0002032035001
Çocuk,Küçük Prens - Antoine de Saint-Exupery,"80,39 TL",https://www.dr.com.tr/kitap/kucuk-prens/cocuk-ve-genclik/okul-cagi-6-10-yas/cocuk-klasik/urunno=0000000628979
Çocuk,Küçük Mantar - Doğanın Eşsiz Hikayeleri 15 - Willow Green,"52,71 TL",https://www.dr.com.tr/kitap/kucuk-mantar-doganin-essiz-hikayeleri-15/cocuk-ve-genclik/okul-oncesi-6-ay-5-yas/egitim-etkinlik-kitaplari/urunno=0002181543001
Çocuk,Cumhuriyet'in İlk Sabahı - Şermin Yaşar,"146,76 TL",https://www.dr.com.tr/kitap/cumhuriyetin-ilk-sabahi/sermin-yasar/cocuk-ve-genclik/genclik-10-yas/roman-oyku/urunno=0002048766001
Çocuk,Görünmez İp - Patrice Karst,"117,09 TL",https://www.dr.com.tr/kitap/gorunmez-ip/cocuk-ve-genclik/okul-oncesi-6-ay-5-yas/masal-hikaye-kitaplari/urunno=0001967977001
Çocuk,Naneyi Yedik Lokantası - Mert Arık,"64,35 TL",https://www.dr.com.tr/kitap/naneyi-yedik-lokantasi/kolektif/cocuk-ve-genclik/genclik-10-yas/roman-oyku/urunno=0002118033001
Çocuk,Harry Potter ve Sırlar Odası - 2.kitap - J. K. Rowling,"167,72 TL",https://www.dr.com.tr/kitap/harry-potter-ve-sirlar-odasi-2kitap/j-k-rowling/cocuk-ve-genclik/genclik-10-yas/fantastik-bilim-kurgu/urunno=0000000105931
Çocuk,Harry Potter ve Azkaban Tutsağı - 3.kitap - J. K. Rowling,"203,66 TL",https://www.dr.com.tr/kitap/harry-potter-ve-azkaban-tutsagi-3kitap/j-k-rowling/cocuk-ve-genclik/genclik-10-yas/fantastik-bilim-kurgu/urunno=0000000107298
Çocuk,Köpek Adam 12 - Kırmızı Patiler - Dav Pilkey,"189,76 TL",https://www.dr.com.tr/kitap/kopek-adam-12-kirmizi-patiler/cocuk-ve-genclik/genclik-10-yas/roman-oyku/urunno=0002169404001
Çocuk,Küçük Kaplumbağa - Doğanın Eşsiz Hikayeleri 10 - Wednesday Jones,"52,71 TL",https://www.dr.com.tr/kitap/kucuk-kaplumbaga-doganin-essiz-hikayeleri-10/cocuk-ve-genclik/okul-oncesi-6-ay-5-yas/egitim-etkinlik-kitaplari/urunno=0002117200001
Çocuk,Kimler Hala Uyumadı? - Nanna Nebhöver,"53,91 TL",https://www.dr.com.tr/kitap/kimler-hala-uyumadi/cocuk-ve-genclik/okul-oncesi-6-ay-5-yas/masal-hikaye-kitaplari/urunno=0001966392001
Çocuk,Çalışkan Hayvanlar - Park - S&S Alliance,"191,68 TL",https://www.dr.com.tr/kitap/caliskan-hayvanlar-park/cocuk-ve-genclik/okul-oncesi-6-ay-5-yas/sesli-goruntulu-cocuk-kitaplari/urunno=0002162389001
Çocuk,Robonlar - Bir Kaçış Operasyonu - Mert Arık,"80,44 TL",https://www.dr.com.tr/kitap/robonlar-bir-kacis-operasyonu/mert-arik/cocuk-ve-genclik/genclik-10-yas/roman-oyku/urunno=0002145544001
Çocuk,Köpek Adam 9 - Güç ve Ceza - Dav Pilkey,"203,77 TL",https://www.dr.com.tr/kitap/kopek-adam-9-guc-ve-ceza/cocuk-ve-genclik/genclik-10-yas/roman-oyku/urunno=0002085448001
Çocuk,Tarçın'ın Kaybolan Havuçları - Andreas König,"52,71 TL",https://www.dr.com.tr/kitap/tarcinin-kaybolan-havuclari/cocuk-ve-genclik/okul-oncesi-6-ay-5-yas/egitim-etkinlik-kitaplari/urunno=0001847670001
Çocuk,İçimdeki Müzik - Sharon M. Draper,"179,76 TL",https://www.dr.com.tr/kitap/icimdeki-muzik-clz/cocuk-ve-genclik/genclik-10-yas/romanoyku/urunno=0000000683283
Çocuk,Çekirdek ile Yumurta - Alex Latimer,"153,41 TL",https://www.dr.com.tr/kitap/cekirdek-ile-yumurta/cocuk-ve-genclik/okul-oncesi-6-ay-5-yas/masal-hikaye-kitaplari/urunno=0001940115001
Çocuk,İçimdeki Hayal - Sharon M. Draper,"187,25 TL",https://www.dr.com.tr/kitap/icimdeki-hayal/cocuk-ve-genclik/genclik-10-yas/roman-oyku/urunno=0002171664001
Çocuk,Momo - Michael Ende,"220,15 TL",https://www.dr.com.tr/kitap/momo/cocuk-ve-genclik/genclik-10-yas/romanoyku/urunno=0001719390001
Çocuk,Rüzgarı Dizginleyen Çocuk - Bryan Mealer,"146,02 TL",https://www.dr.com.tr/kitap/ruzgari-dizginleyen-cocuk/bryan-mealer/cocuk-ve-genclik/genclik-10-yas/roman-oyku/urunno=0001784668001
Çocuk,Büyümek İsteyen Fil - Andrea Reitmeyer,"50,32 TL",https://www.dr.com.tr/kitap/buyumek-isteyen-fil/andrea-reitmeyer/cocuk-ve-genclik/okul-oncesi-6-ay-5-yas/egitim-etkinlik-kitaplari/urunno=0002034328001
Çocuk,Köpek Adam 8 - Mama 22 - Dav Pilkey,"203,77 TL",https://www.dr.com.tr/kitap/kopek-adam-8-mama-22/dav-pilkey/cocuk-ve-genclik/genclik-10-yas/roman-oyku/urunno=0002048809001
Çocuk,Değnek Adam-Büyük Boy - Julia Donaldson,"52,71 TL",https://www.dr.com.tr/kitap/degnek-adam-buyuk-boy/julia-donaldson/cocuk-ve-genclik/okul-oncesi-6-ay-5-yas/egitim-etkinlik-kitaplari/urunno=0001837571001
Çocuk,Çalışkan Hayvanlar - Orman - S&S Alliance,"191,68 TL",https://www.dr.com.tr/kitap/caliskan-hayvanlar-orman/cocuk-ve-genclik/okul-oncesi-6-ay-5-yas/sesli-goruntulu-cocuk-kitaplari/urunno=0002115699001
Çocuk,Küçük Meşe Palamudu: Doğanın Eşsiz Hikayeleri-2 - Melanie Joyce,"52,71 TL",https://www.dr.com.tr/kitap/kucuk-mese-palamudu-doganin-essiz-hikayeleri-2/cocuk-ve-genclik/okul-oncesi-6-ay-5-yas/masal-hikaye-kitaplari/urunno=0001851768001
Çocuk,Genç Astronotun El Kitabı - Louie Stowell,"45,44 TL",https://www.dr.com.tr/kitap/genc-astronotun-el-kitabi/louie-stowell/cocuk-ve-genclik/okul-cagi-6-10-yas/cocuk-bilim/urunno=0001874306001
Çocuk,Esrarengiz Kelimeler - Almila Aydın,"160,14 TL",https://www.dr.com.tr/kitap/esrarengiz-kelimeler/cocuk-ve-genclik/genclik-10-yas/romanoyku/urunno=0001693100001
Çocuk,Kiraz Ağacı ile Aramızdaki Mesafe - Paola Peretti,"146,06 TL",https://www.dr.com.tr/kitap/kiraz-agaci-ile-aramizdaki-mesafe/paola-peretti/cocuk-ve-genclik/genclik-10-yas/roman-oyku/urunno=0001778049001
Çocuk,Yavru Ahtapot Olmak Çok Zor - Sara Şahinkanat,"71,88 TL",https://www.dr.com.tr/kitap/yavru-ahtapot-olmak-cok-zor/cocuk-ve-genclik/okul-oncesi-6-ay-5-yas/masal-hikaye-kitaplari/urunno=0001972103001
Çocuk,Hayvanat Bahçesinde Diş Fırçalama Günü - Sophie Schoenwald,"52,71 TL",https://www.dr.com.tr/kitap/hayvanat-bahcesinde-dis-fircalama-gunu/cocuk-ve-genclik/okul-oncesi-6-ay-5-yas/masal-hikaye-kitaplari/urunno=0001870527001
Çocuk,Dedektif Zebra ve Kayıp Kurabiyelerin Gizemi - Gill Mclean,"52,71 TL",https://www.dr.com.tr/kitap/dedektif-zebra-ve-kayip-kurabiyelerin-gizemi/cocuk-ve-genclik/okul-oncesi-6-ay-5-yas/egitim-etkinlik-kitaplari/urunno=0001847620001
Çocuk,Bin 9 Yüz Seksen 3 - Mahir Ünsal Eriş,"146,75 TL",https://www.dr.com.tr/kitap/binb-9-yuz-seksen-3/cocuk-ve-genclik/genclik-10-yas/roman-oyku/urunno=0002149968001
Çocuk,Tarçın ve Büyük Tartışma - Andreas König,"52,71 TL",https://www.dr.com.tr/kitap/tarcin-ve-buyuk-tartisma/cocuk-ve-genclik/okul-oncesi-6-ay-5-yas/masal-hikaye-kitaplari/urunno=0001957364001
Çocuk,Filozof Meşe - Anooshirvan Miandji,"148,50 TL",https://www.dr.com.tr/kitap/filozof-mese/cocuk-ve-genclik/okul-cagi-6-10-yas/cocuk-oykuhikaye/urunno=0001774903001
Çocuk,Harry Potter ve Melez Prens - 6. Kitap - J. K. Rowling,"287,52 TL",https://www.dr.com.tr/kitap/harry-potter-ve-melez-prens-6-kitap/j-k-rowling/cocuk-ve-genclik/genclik-10-yas/fantastik-bilim-kurgu/urunno=0000000187015
Çocuk,Özgüvenim Tam Hata Yapmaktan Korkmam - Saniye Bencik Kangal,"98,85 TL",https://www.dr.com.tr/kitap/ozguvenim-tam-hata-yapmaktan-korkmam/saniye-bencik-kangal/cocuk-ve-genclik/okul-oncesi-6-ay-5-yas/egitim-etkinlik-kitaplari/urunno=0002132835001
Çocuk,Köpek Adam 7 - Toplar Kimin İçin Yuvarlanıyor - Dav Pilkey,"203,77 TL",https://www.dr.com.tr/kitap/toplar-kimin-icin-yuvarlaniyor-kopek-adam-7/cocuk-ve-genclik/genclik-10-yas/roman-oyku/urunno=0002015764001
Çocuk,Tarçın ve Orman Futbol Şampiyonası - Günther Jakobs,"52,71 TL",https://www.dr.com.tr/kitap/tarcin-ve-orman-futbol-sampiyonasi/gunther-jakobs/cocuk-ve-genclik/okul-oncesi-6-ay-5-yas/egitim-etkinlik-kitaplari/urunno=0002127668001
Çocuk,Köpek Adam 3 - İki Kediciğin Hikayesi - Dav Pilkey,"225,15 TL",https://www.dr.com.tr/kitap/kopek-adam-3-iki-kedicigin-hikayesi/dav-pilkey/cocuk-ve-genclik/genclik-10-yas/roman-oyku/urunno=0001887906001
Çocuk,Ben Yapmadım! - Lucy Barnard,"43,13 TL",https://www.dr.com.tr/kitap/ben-yapmadim/cocuk-ve-genclik/okul-oncesi-6-ay-5-yas/okul-oncesi-kitaplari/urunno=0001784998001
Çocuk,Dedemin Bakkalı - Şermin Yaşar,"258,05 TL",https://www.dr.com.tr/kitap/dedemin-bakkali/sermin-carkaci/cocuk-ve-genclik/okul-cagi-6-10-yas/cocuk-oyku-hikaye/urunno=0000000720273
Çocuk,Dünyayı Bisikletle Dolaşan Çocuk - Afrika Yolunda - Alastair Humphreys,"90,86 TL",https://www.dr.com.tr/kitap/dunyayi-bisikletle-dolasan-cocuk-afrika-yolunda/cocuk-ve-genclik/genclik-10-yas/roman-oyku/urunno=0001875566001
Çocuk,Çalışkan Hayvanlar - Göl - S&S Alliance,"191,68 TL",https://www.dr.com.tr/kitap/caliskan-hayvanlar-gol/cocuk-ve-genclik/okul-oncesi-6-ay-5-yas/sesli-goruntulu-cocuk-kitaplari/urunno=0002162388001
Çocuk,Ay'ı Kim Çaldı? - Helen Stratton Would,"53,91 TL",https://www.dr.com.tr/kitap/ayi-kim-caldi/stratton-would/cocuk-ve-genclik/okul-oncesi-6-ay-5-yas/egitim-etkinlik-kitaplari/urunno=0000000385867
Çocuk,Endişe Ağacı - Marianne Musgrove,"99,49 TL",https://www.dr.com.tr/kitap/endise-agaci/cocuk-ve-genclik/okul-cagi-6-10-yas/cocuk-kitaplari/urunno=0000000636198
Çocuk,Hadi Sarılalım Babacığım - Stephanie Moss,"47,92 TL",https://www.dr.com.tr/kitap/hadi-sarilalim-babacigim/cocuk-ve-genclik/okul-oncesi-6-ay-5-yas/masal-hikaye-kitaplari/urunno=0001897587001
Çocuk,Şu Yaramaz Tavşanlar - Ciara Flood,"58,70 TL",https://www.dr.com.tr/kitap/su-yaramaz-tavsanlar/cocuk-ve-genclik/okul-oncesi-6-ay-5-yas/masal-hikaye-kitaplari/urunno=0001744850001
Çocuk,Harry Potter ve Ateş Kadehi - 4.kitap - J. K. Rowling,"329,45 TL",https://www.dr.com.tr/kitap/harry-potter-ve-ates-kadehi-4kitap/j-k-rowling/cocuk-ve-genclik/genclik-10-yas/fantastik-bilim-kurgu/urunno=0000000110898
Çocuk,Harry Potter ve Ölüm Yadigarları - 7. Kitap - J. K. Rowling,"329,45 TL",https://www.dr.com.tr/kitap/harry-potter-ve-olum-yadigarlari-7-kitap/j-k-rowling/cocuk-ve-genclik/genclik-10-yas/fantastik-bilim-kurgu/urunno=0000000247902
Çocuk,Köpek Adam 11 - Denizler Altında Yirmi Bin Fesat - Dav Pilkey,"218,99 TL",https://www.dr.com.tr/kitap/kopek-adam-11-denizler-altinda-yirmi-bin-fesat/cocuk-ve-genclik/genclik-10-yas/roman-oyku/urunno=0002155654001
Çocuk,Çocuk Kalbi - Edmondo De Amicis,"59,90 TL",https://www.dr.com.tr/kitap/cocuk-kalbi/cocuk-ve-genclik/okul-cagi-6-10-yas/cocuk-klasik/urunno=0000000387983
Çocuk,İyilik Timi - Metin Özdamarlar,"108,61 TL",https://www.dr.com.tr/kitap/iyilik-timi/cocuk-ve-genclik/genclik-10-yas/roman-oyku/urunno=0002126780001
Çocuk,Üç Kedi Bir Dilek - Sara Şahinkanat,"131,78 TL",https://www.dr.com.tr/kitap/uc-kedi-bir-dilek/sara-sahinkanat/cocuk-ve-genclik/okul-oncesi-6-ay-5-yas/egitim-etkinlik-kitaplari/urunno=0000000387596
Çocuk,Elif Saatleri Öğreniyor - İlk Okuma Kitabım - Liane Schneider,"38,34 TL",https://www.dr.com.tr/kitap/elif-saatleri-ogreniyor-ilk-okuma-kitabim/cocuk-ve-genclik/okul-oncesi-6-ay-5-yas/masal-hikaye-kitaplari/urunno=0001927785001
Çocuk,Ejderhanı Nasıl Eğitirsin 1 - Cressida Cowell,"171,25 TL",https://www.dr.com.tr/kitap/ejderhani-nasil-egitirsin-1/cressida-cowell/cocuk-ve-genclik/genclik-10-yas/fantastik-bilim-kurgu/urunno=0001777764002
Çocuk,Ayvayı Yedik Müzesi - Mert Arık,"74,90 TL",https://www.dr.com.tr/kitap/ayvayi-yedik-muzesi/mert-arik/cocuk-ve-genclik/genclik-10-yas/roman-oyku/urunno=0002071625001
Çocuk,Bozkırdaki Flamingolar - Koray Haktanır,"27,96 TL",https://www.dr.com.tr/kitap/bozkirdaki-flamingolar/cocuk-ve-genclik/okul-cagi-6-10-yas/cocuk-bilim/urunno=0002179968001
Çocuk,Köpek Adam 10 - Ulumalı Tepeler - Dav Pilkey,"218,99 TL",https://www.dr.com.tr/kitap/kopek-adam-10-ulumali-tepeler/dav-pilkey/cocuk-ve-genclik/genclik-10-yas/roman-oyku/urunno=0002128238001
Çocuk,Seni Seviyorum Babacığım - Stephanie Moss,"51,51 TL",https://www.dr.com.tr/kitap/seni-seviyorum-babacigim/stephanie-moss/cocuk-ve-genclik/okul-oncesi-6-ay-5-yas/egitim-etkinlik-kitaplari/urunno=0001974748001
Çocuk,Çalışkan Doğa - İlkbahar - S&S Alliance,"191,68 TL",https://www.dr.com.tr/kitap/caliskan-doga-ilkbahar/cocuk-ve-genclik/okul-oncesi-6-ay-5-yas/sesli-goruntulu-cocuk-kitaplari/urunno=0002115700001
Çocuk,Korudaki Komşular - Ayla Çınaroğlu,"139,83 TL",https://www.dr.com.tr/kitap/korudaki-komsular/cocuk-ve-genclik/okul-cagi-6-10-yas/cocuk-oykuhikaye/urunno=0001776248001
Çocuk,Küçük Baykuş - Katie Taylor,"52,71 TL",https://www.dr.com.tr/kitap/kucuk-baykus/cocuk-ve-genclik/okul-oncesi-6-ay-5-yas/egitim-etkinlik-kitaplari/urunno=0002161760001
Çocuk,Büyük Macera - Elina Ellis,"46,72 TL",https://www.dr.com.tr/kitap/buyuk-macera/cocuk-ve-genclik/okul-oncesi-6-ay-5-yas/masal-hikaye-kitaplari/urunno=0001732153001
Çocuk,Elif Asla Yabancılarla Gitmez-İlk O - Liane Schneider,"43,13 TL",https://www.dr.com.tr/kitap/elif-asla-yabancilarla-gitmez-ilk-o-clz/cocuk-ve-genclik/okul-oncesi-6-ay-5-yas/masal-hikaye-kitaplari/urunno=0001699812001
Çocuk,Köpek Adam 2 - Tasmasından Kurtuluyor - Dav Pilkey,"189,76 TL",https://www.dr.com.tr/kitap/kopek-adam-tasmasindan-kurtuluyor/cocuk-ve-genclik/genclik-10-yas/roman-oyku/urunno=0001816774001
Çocuk,Nohut Adam - Anıl Basılı,"74,90 TL",https://www.dr.com.tr/kitap/nohut-adam/anil-basili/cocuk-ve-genclik/genclik-10-yas/roman-oyku/urunno=0001890868001
Çocuk,Matematik Seven Antipatik Komşu - Eliana Martins,"81,12 TL",https://www.dr.com.tr/kitap/matematik-seven-antipatik-komsu/eliana-martins/cocuk-ve-genclik/okul-cagi-6-10-yas/cocuk-kitaplari/urunno=0001994478001
Çocuk,Sürpriz Konuk - Jessica Courtney Tickle,"52,71 TL",https://www.dr.com.tr/kitap/surpriz-konuk/cocuk-ve-genclik/okul-oncesi-6-ay-5-yas/masal-hikaye-kitaplari/urunno=0001917646001
Çocuk,Neşeli Günler İlkokulu - Havuzdaki Köpekbalığı - Pamela Butchart,"71,88 TL",https://www.dr.com.tr/kitap/neseli-gunler-ilkokulu-havuzdaki-kopekbaligi/cocuk-ve-genclik/okul-cagi-6-10-yas/cocuk-oyku-hikaye/urunno=0001827310001
Çocuk,Çiftlik - Sesli ve Hareketli Kitabım - Chantal Janisson,"269,55 TL",https://www.dr.com.tr/kitap/ciftlik-sesli-ve-hareketli-kitabim/cocuk-ve-genclik/okul-oncesi-6-ay-5-yas/egitim-etkinlik-kitaplari/urunno=0002171623001
Çocuk,Çalışkan Doğa - Yaz - S&S Alliance,"191,68 TL",https://www.dr.com.tr/kitap/caliskan-doga-yaz/cocuk-ve-genclik/okul-oncesi-6-ay-5-yas/sesli-goruntulu-cocuk-kitaplari/urunno=0002115701001
Çocuk,Dünyayı Bisikletle Dolaşan Çocuk 2 - Amerika Kı... - Alastair Humphreys,"90,86 TL",https://www.dr.com.tr/kitap/dunyayi-bisikletle-dolasan-cocuk-2-amerika-kitasi-yolculugu/cocuk-ve-genclik/genclik-10-yas/roman-oyku/urunno=0001910165001
Çocuk,Elif Annesine Yardım Ediyor - Liane Schneider,"43,13 TL",https://www.dr.com.tr/kitap/elif-annesine-yardim-ediyor/cocuk-ve-genclik/okul-oncesi-6-ay-5-yas/masal-hikaye-kitaplari/urunno=0000000710063
Çocuk,Cesaret Sandığı Tilki Masalları - Şermin Yaşar,"114,29 TL",https://www.dr.com.tr/kitap/cesaret-sandigi-tilki-masallari/cocuk-ve-genclik/okul-oncesi-6-ay-5-yas/masal-hikaye-kitaplari/urunno=0001700451001
Çocuk,Can Dostum - Walt Moray,"129,80 TL",https://www.dr.com.tr/kitap/can-dostum/walt-moray/cocuk-ve-genclik/genclik-10-yas/roman-oyku/urunno=0001844696001
Çocuk,Küçük Kar Tanesi: Doğanın Eşsiz Hikayeleri-1 - Suzanne Fossey,"52,71 TL",https://www.dr.com.tr/kitap/kucuk-kar-tanesi-doganin-essiz-hikayeleri-1/cocuk-ve-genclik/okul-oncesi-6-ay-5-yas/masal-hikaye-kitaplari/urunno=0001851767001
Çocuk,Büyük Renkler Kitabım - Fani Marceau,"107,82 TL",https://www.dr.com.tr/kitap/buyuk-renkler-kitabim/cocuk-ve-genclik/okul-oncesi-6-ay-5-yas/egitim-etkinlik-kitaplari/urunno=0002065098001
Çocuk,Küçük Elma Ağacı - Doğanın Eşsiz Hikayeleri 16 - Willow Green,"47,92 TL",https://www.dr.com.tr/kitap/kucuk-elma-agaci-doganin-essiz-hikayeleri-16/cocuk-ve-genclik/okul-oncesi-6-ay-5-yas/egitim-etkinlik-kitaplari/urunno=0002183511001
Çocuk,Seni Seviyorum Miniğim - Ronne Randall,"41,93 TL",https://www.dr.com.tr/kitap/seni-seviyorum-minigim/cocuk-ve-genclik/okul-oncesi-6-ay-5-yas/masal-hikaye-kitaplari/urunno=0001866723001
Çocuk,Harry Potter ve Zümrüdüanka Yoldaşlığı - 5.kitap - J. K. Rowling,"449,25 TL",https://www.dr.com.tr/kitap/harry-potter-ve-zumruduanka-yoldasligi-5kitap/j-k-rowling/cocuk-ve-genclik/genclik-10-yas/fantastik-bilim-kurgu/urunno=0000000141001
Çocuk,Mutluluk Nedir? - Isadora Rose,"47,92 TL",https://www.dr.com.tr/kitap/mutluluk-nedir/isadora-rose/cocuk-ve-genclik/okul-oncesi-6-ay-5-yas/egitim-etkinlik-kitaplari/urunno=0001933067001
Çocuk,Kedi Ponçik ile Kırmızı İplik - Andrea Reitmeyer,"49,12 TL",https://www.dr.com.tr/kitap/kedi-poncik-ile-kirmizi-iplik/cocuk-ve-genclik/okul-oncesi-6-ay-5-yas/egitim-etkinlik-kitaplari/urunno=0002032037001
Çocuk,Yayazulanın Çocuğu - Julia Donaldson,"46,72 TL",https://www.dr.com.tr/kitap/yayazulanin-cocugu/cocuk-ve-genclik/okul-oncesi-6-ay-5-yas/masal-hikaye-kitaplari/urunno=0001695351001
Çocuk,Genç Bilim İnsanı Serisi Seti - 4 Kitap Takım - Ashley Hall,"226,11 TL",https://www.dr.com.tr/kitap/genc-bilim-insani-serisi-seti-4-kitap-takim/cocuk-ve-genclik/okul-cagi-6-10-yas/cocuk-bilim/urunno=0002026464001
Çocuk,Kiraz Ağacının Ardından - Paola Peretti,"138,57 TL",https://www.dr.com.tr/kitap/kiraz-agacinin-ardindan/cocuk-ve-genclik/genclik-10-yas/roman-oyku/urunno=0002162984001
Çocuk,Köpek Adam 6 - Patilerin Çağrısı - Dav Pilkey,"189,76 TL",https://www.dr.com.tr/kitap/patilerin-cagrisi-kopek-adam-6/cocuk-ve-genclik/genclik-10-yas/roman-oyku/urunno=0001993276001
Çocuk,Köpek Adam 5 - Pirelerin Tanrısı - Dav Pilkey,"218,99 TL",https://www.dr.com.tr/kitap/kopek-adam-pirelerin-tanrisi-kopek-adam-5/cocuk-ve-genclik/okul-cagi-6-10-yas/cocuk-oyku-hikaye/urunno=0001973381001
Çocuk,Çözüm Bakanlığı - Sanne Rooseboom,"174,75 TL",https://www.dr.com.tr/kitap/cozum-bakanligi/cocuk-ve-genclik/genclik-10-yas/roman-oyku/urunno=0001900385001
Çocuk,Şaşırtıcı Gerçekler Matematik - Etkileyici mi? - Noodle Fuel,"48,93 TL",https://www.dr.com.tr/kitap/sasirtici-gercekler-matematik-etkileyici-mi/noodle-fuel/cocuk-ve-genclik/okul-cagi-6-10-yas/cocuk-bilim/urunno=0002086257001
Çocuk,Oliver Twist-Kısaltılmış Metin - Charles Dickens,"26,36 TL",https://www.dr.com.tr/kitap/oliver-twist-kisaltilmis-metin/cocuk-ve-genclik/okul-cagi-6-10-yas/cocuk-klasik/urunno=0001747634001
Çocuk,Büyük Sorular Kitabım - Sandra Lebrun et Loic Audrain,"155,74 TL",https://www.dr.com.tr/kitap/buyuk-sorular-kitabim/sandra-lebrun-et-loic-audrain/cocuk-ve-genclik/okul-oncesi-6-ay-5-yas/egitim-etkinlik-kitaplari/urunno=0001772620001
Çocuk,Kadim Şehrin Şifreleri - Almila Aydın,"153,95 TL",https://www.dr.com.tr/kitap/kadim-sehrin-sifreleri/cocuk-ve-genclik/okul-cagi-6-10-yas/cocuk-oykuhikaye/urunno=0000000586299
Çocuk,Uzayın Sırrı-Kara Delik - İlkay Marangoz,"125,75 TL",https://www.dr.com.tr/kitap/uzayin-sirri-kara-delik/cocuk-ve-genclik/okul-cagi-6-10-yas/cocuk-fantastikbilim-kurgu/urunno=0000000716763
Çocuk,Malamander - Thomas Taylor,"217,21 TL",https://www.dr.com.tr/kitap/malamander/thomas-taylor/cocuk-ve-genclik/genclik-10-yas/fantastik-bilim-kurgu/urunno=0001893890001
Çocuk,Köpek Adam 4 - Köpek Adam ve Kedi - Dav Pilkey,"218,99 TL",https://www.dr.com.tr/kitap/kopek-adam-4-kopek-adam-ve-kedi/cocuk-ve-genclik/okul-cagi-6-10-yas/cocuk-oyku-hikaye/urunno=0001958561001
Çocuk,Kitaplardan Korkan Çocuk - Susanna Tamaro,"104,85 TL",https://www.dr.com.tr/kitap/kitaplardan-korkan-cocuk/susanna-tamaro/cocuk-ve-genclik/genclik-10-yas/roman-oyku/urunno=0000000100665
Çocuk,Bay Bilgin - Roger Hargreaves,"83,75 TL",https://www.dr.com.tr/kitap/bay-bilgin/cocuk-ve-genclik/okul-oncesi-6-ay-5-yas/egitim-etkinlik-kitaplari/urunno=0002131262001
Çocuk,Uzaya Giden Tren - Mert Arık,"74,90 TL",https://www.dr.com.tr/kitap/uzaya-giden-tren/cocuk-ve-genclik/genclik-10-yas/roman-oyku/urunno=0001992972001
Çocuk,Şifrelerin Peşinde Göbeklitepe - Matematik Roma... - Hasan Topdemir,"129,80 TL",https://www.dr.com.tr/kitap/sifrelerin-pesinde-gobeklitepe-matematik-romani-2/cocuk-ve-genclik/okul-cagi-6-10-yas/cocuk-oyku-hikaye/urunno=0001934113001
Tarih,Fatih Sultan Mehmed: Doğu'nun ve Batı'nın Efendisi - İlber Ortaylı,"207,00 TL",https://www.dr.com.tr/kitap/fatih-sultan-mehmed-dogunun-ve-batinin-efendisi/arastirma-tarih/tarih/osmanli-tarihi/urunno=0002171085001
Tarih,İmzalı - Fatih Sultan Mehmed: Doğu'nun ve Batı'... - İlber Ortaylı,"206,66 TL",https://www.dr.com.tr/kitap/imzali-fatih-sultan-mehmed-dogunun-ve-batinin-efendisi/arastirma-tarih/tarih/osmanli-tarihi/urunno=0002171348001
Tarih,Nutuk - Gençler İçin Fotoğraflarla - Mustafa Kemal Atatürk,"83,86 TL",https://www.dr.com.tr/kitap/nutuk-gencler-icin-fotograflarla/arastirma-tarih/tarih/ataturk/urunno=0000000325204
Tarih,Kısa Osmanlı Tarihi - Osmanlı İmparatorluğu Tar... - Halil İnalcık,"172,58 TL",https://www.dr.com.tr/kitap/kisa-osmanli-tarihi-osmanli-imparatorlugu-tarihine-kusbakisi/arastirma-tarih/tarih/osmanli-tarihi/urunno=0001991838001
Tarih,Sır Küpü - Taht Kavgası Başlıyor - Caner Taşpınar,"185,70 TL",https://www.dr.com.tr/kitap/sir-kupu-taht-kavgasi-basliyor/arastirma-tarih/politika-arastirma/turk-politika/urunno=0002184361001
Tarih,Think Tank - ABD Dış Politikası ve Düşünce Kuru... - Ali Ercan,"176,70 TL",https://www.dr.com.tr/kitap/think-tank-abd-dis-politikasi-ve-dusunce-kuruluslari/arastirma-tarih/politika-arastirma/dunya-politika-/urunno=0002185232001
Tarih,Dakikalar İçinde Mitoloji - Dünyanın En Bilinen... - Neil Philip,"104,82 TL",https://www.dr.com.tr/kitap/dakikalar-icinde-mitoloji-dunyanin-en-bilinen-200-carpici-fabl-destan-ve-efsanesi/mitoloji-efsane/urunno=0001958924001
Tarih,Savaş Sanatı - Sun Tzu,"28,75 TL",https://www.dr.com.tr/kitap/savas-sanati/arastirma-tarih/politikaarastirma/politika/urunno=0000000619168
Tarih,Kurtlarla Koşan Kadınlar - Clarissa Pinkola Estes,"342,55 TL",https://www.dr.com.tr/kitap/kurtlarla-kosan-kadinlar/arastirma-tarih/kadin/urunno=0000000143077
Tarih,Yakın Tarihin Gerçekleri - İlber Ortaylı,"176,70 TL",https://www.dr.com.tr/kitap/yakin-tarihin-gercekleri/arastirma-tarih/tarih/turk-tarihi/urunno=0001912080001
Tarih,Hükümdar - Hasan Ali Yücel Klasikleri - Niccolo Machiavelli,"35,94 TL",https://www.dr.com.tr/kitap/hukumdar-hasan-ali-yucel-klasikleri/niccolo-machiavelli/arastirma-tarih/politika-arastirma/politika/urunno=0000000275666
Tarih,Vatan Yahut Silivri - Ümit Özdağ,"155,74 TL",https://www.dr.com.tr/kitap/vatan-yahut-silivri/arastirma-tarih/politika-arastirma/turk-politika/urunno=0002180733001
Tarih,Türklerin Tarihi - Orta Asya'nın Bozkırlarından... - İlber Ortaylı,"176,70 TL",https://www.dr.com.tr/kitap/turklerin-tarihi-1-orta-asyanin-bozkirlarindan-avrupanin-kapilarina/ilber-ortayli/arastirma-tarih/tarih/turk-tarihi/urunno=0001998120001
Tarih,Kaşif Kozinoğlu'nun Mezara Götürmediği Sırlar - Ergün Gedek,"254,35 TL",https://www.dr.com.tr/kitap/kasif-kozinoglunun-mezara-goturmedigi-sirlar/arastirma-tarih/politikaarastirma/turkiye-politika/urunno=0000000711598
Tarih,Gazi Mustafa Kemal Atatürk - İlber Ortaylı,"236,60 TL",https://www.dr.com.tr/kitap/gazi-mustafa-kemal-ataturk/arastirma-tarih/tarih/ataturk/urunno=0001740229001
Tarih,3.Dünya Savaşı-Ne Zaman Çıkacak ve Kimler Arası... - Osman Pamukoğlu,"151,45 TL",https://www.dr.com.tr/kitap/3dunya-savasi-ne-zaman-cikacak-ve-kimler-arasinda-olacak/osman-pamukoglu/arastirma-tarih/politika-arastirma/turkiye-politika-/urunno=0001841410001
Tarih,Zeybekler Çağı: 2 .Abdülhamid'den İttihatçılara... - Ali Özçelik,"176,70 TL",https://www.dr.com.tr/kitap/zeybekler-cagi-2-abdulhamidden-ittihatcilara-bati-anadolu-eskiyalik-tarihi/arastirma-tarih/tarih/osmanli-tarihi/urunno=0002185233001
Tarih,Kazara Tanrılar - Kendilerini Tanrı Olarak Bula... - Anna Della Subin,"49,90 TL",https://www.dr.com.tr/kitap/kazara-tanrilar-kendilerini-tanri-olarak-bulan-insanlar-uzerine-accidental-gods/arastirma-tarih/tarih/dunya-tarihi/urunno=0002078309001
Tarih,Zeytindağı - Günümüz Türkçesiyle - Falih Rıfkı Atay,"135,00 TL",https://www.dr.com.tr/kitap/zeytindagi-gunumuz-turkcesiyle/arastirma-tarih/tarih/cumhuriyet-tarihi/urunno=0002093369001
Tarih,Dakikalar İçinde Türk Mitolojisi - Türklerin En... - Ahmet Taşağıl,"104,82 TL",https://www.dr.com.tr/kitap/dakikalar-icinde-turk-mitolojisi-turklerin-en-bilinen-200-fabl-destan-ve-efsanesi/arastirma-tarih/mitoloji-efsane/urunno=0002166024001
Tarih,İstanbul'un Paranormal Mekanları - Gizemi Çözül... - Neslihan Perker,"77,87 TL",https://www.dr.com.tr/kitap/istanbulun-paranormal-mekanlari-gizemi-cozulemeyen-efsaneler/arastirma-tarih/istanbul-kitaplari/urunno=0002182447001
Tarih,Dakikalar İçinde Roma - 200 Maddede Roma İmpara... - Göksel Göksoy,"104,82 TL",https://www.dr.com.tr/kitap/dakikalar-icinde-roma-200-maddede-roma-imparatorlugunun-tarihi/arastirma-tarih/tarih/dunya-tarihi/urunno=0002176962001
Tarih,Uluslararası Terörizm Perspektifinden Suriye İç... - Emre Filiz,"149,80 TL",https://www.dr.com.tr/kitap/uluslararasi-terorizm-perspektifinden-suriye-ic-savasiinda-isid/emre-filiz/arastirma-tarih/politika-arastirma/dunya-politika-/urunno=0002184840001
Tarih,Bu Ülke - Cemil Meriç,"244,65 TL",https://www.dr.com.tr/kitap/bu-ulke/cemil-meric/arastirma-tarih/sosyoloji/urunno=0000000061673
Tarih,Kardeşini Doğurmak-Türkiye'de Enses - Büşra Sanay,"247,86 TL",https://www.dr.com.tr/kitap/kardesini-dogurmak-turkiyede-enses-clz/arastirma-tarih/sosyoloji/urunno=0001745839001
Tarih,Arapların Gözünden Haçlı Seferleri - Amin Maalouf,"179,70 TL",https://www.dr.com.tr/kitap/araplarin-gozunden-hacli-seferleri/arastirma-tarih/tarih/dunya-tarihi/urunno=0000000216398
Tarih,Osmanlı'yı Yeniden Keşfetmek - İlber Ortaylı,"146,76 TL",https://www.dr.com.tr/kitap/osmanliyi-yeniden-kesfetmek/ilber-ortayli/arastirma-tarih/tarih/osmanli-tarihi/urunno=0002022699001
Tarih,İmparatorluğun En Uzun Yüzyılı - İlber Ortaylı,"206,66 TL",https://www.dr.com.tr/kitap/imparatorlugun-en-uzun-yuzyili/arastirma-tarih/tarih/osmanli-tarihi/urunno=0001744876001
Tarih,Gazze: Geçmişten Günümüze Direnişin Toprağı - Zahide Tuba Kor,"262,25 TL",https://www.dr.com.tr/kitap/gazze-gecmisten-gunumuze-direnisin-topragi/arastirma-tarih/tarih/dunya-tarihi/urunno=0002176215001
Tarih,Milli Mücadele Tarihi 1908 - 1923 - Halil İnalcık,"146,76 TL",https://www.dr.com.tr/kitap/milli-mucadele-tarihi-1908-1923/halil-inancik/arastirma-tarih/tarih/cumhuriyet-tarihi/urunno=0002007375001
Tarih,Osmanlı İmparatorluğu Klasik Çağ 1300-1600 - Halil İnalcık,"236,60 TL",https://www.dr.com.tr/kitap/osmanli-imparatorlugu-klasik-cag-1300-1600/halil-inalcik/arastirma-tarih/tarih/osmanli-tarihi/urunno=0001807561001
Tarih,Osmanlı Tarihinde Efsaneler ve Gerçekler - Halil İnalcık,"176,70 TL",https://www.dr.com.tr/kitap/osmanli-tarihinde-efsaneler-ve-gercekler/arastirma-tarih/tarih/osmanli-tarihi/urunno=0001715729001
Tarih,Zemberek - Banu Avar,"125,75 TL",https://www.dr.com.tr/kitap/zemberek/banu-avar/arastirma-tarih/politika-arastirma/politika/urunno=0000000721240
Tarih,Nutuk - Çizgi Roman - Mustafa Kemal Atatürk,"206,25 TL",https://www.dr.com.tr/kitap/nutuk-cizgi-roman/mustafa-kemal-ataturk/arastirma-tarih/tarih/ataturk/urunno=0001920504001
Tarih,Türklerin Tarihi 2 - Anadolu'nun Bozkırlarından... - İlber Ortaylı,"176,70 TL",https://www.dr.com.tr/kitap/turklerin-tarihi-2-anadolunun-bozkirlarindan-avrupanin-iclerine/arastirma-tarih/tarih/turk-tarihi/urunno=0001998129001
Tarih,Dakikalar İçinde Atatürk ve Dünyası: Askeri Siy... - İlber Ortaylı,"104,82 TL",https://www.dr.com.tr/kitap/dakikalar-icinde-ataturk-ve-dunyasi-askeri-siyasi-ve-ozel-hayati/arastirma-tarih/tarih/ataturk/urunno=0002031997001
Tarih,Gelecek Bilgisi Terimleri Sözlüğü - Fütüristler Derneği,"49,90 TL",https://www.dr.com.tr/kitap/gelecek-bilgisi-terimleri-sozlugu/futuristler-dernegi/arastirma-tarih/sosyoloji/urunno=0002088219001
Tarih,Bir Ekonomik Tetikçinin İtirafları Seti - 4 Kit... - Kolektif,"750,00 TL",https://www.dr.com.tr/kitap/bir-ekonomik-tetikcinin-itiraflari-seti-4-kitap-takim/kolektif/arastirma-tarih/politika-arastirma/dunya-politika-/urunno=0002160998001
Tarih,Ulusların Düşüşü - Daron Acemoğlu,"287,96 TL",https://www.dr.com.tr/kitap/uluslarin-dususu/arastirma-tarih/politikaarastirma/dunya-politika/urunno=0000000572949
Tarih,Dakikalar İçinde Dünya Tarihi - Anında Açıklana... - Dorothy Ail,"104,82 TL",https://www.dr.com.tr/kitap/dakikalar-icinde-dunya-tarihi-aninda-aciklanan-200-onemli-tarihi-olay/arastirma-tarih/tarih/dunya-tarihi/urunno=0001958921001
Tarih,Jüstinyen - İmparator Asker Aziz - Peter Sarris,"236,60 TL",https://www.dr.com.tr/kitap/justinyen-imparator-asker-aziz/arastirma-tarih/tarih/dunya-tarihi/urunno=0002173720001
Tarih,Diyar-ı Rumdan Hikayeler - Hareketli Sınırlar D... - Buket Kitapçı Bayrı,"227,62 TL",https://www.dr.com.tr/kitap/diyar-i-rumdan-hikayeler-hareketli-sinirlar-degisen-kimlikler-13-15-yuzyillar-/arastirma-tarih/tarih/dunya-tarihi/urunno=0002184499001
Tarih,Tek Adam Seti - Büyük Boy - 3 Kitap Takım - Şevket Süreyya Aydemir,"1.091,75 TL",https://www.dr.com.tr/kitap/tek-adam-seti-buyuk-boy-3-kitap-takim/sevket-sureyya-aydemir/arastirma-tarih/tarih/ataturk/urunno=0001877582001
Tarih,Gül ve Haç Kardeşliği - Aytunç Altındal,"191,68 TL",https://www.dr.com.tr/kitap/gul-ve-hac-kardesligi/arastirma-tarih/politikaarastirma/turkiye-politika/urunno=0001776516001
Tarih,İttihatçılık - Doğuş - Süleyman Tekir,"146,76 TL",https://www.dr.com.tr/kitap/ittihatcilik-dogus/arastirma-tarih/tarih/osmanli-tarihi/urunno=0002088565001
Tarih,Savaş Sanatı - Niccolo Machiavelli,"116,80 TL",https://www.dr.com.tr/kitap/savas-sanati/arastirma-tarih/tarih/dunya-tarihi/urunno=0002120735001
Tarih,Kazım Karabekir - İttihat ve Terakki Cemiyeti - Kazım Karabekir,"176,70 TL",https://www.dr.com.tr/kitap/vedat-beyin-gorkemli-hayati/arastirma-tarih/tarih/osmanli-tarihi/urunno=0001796578001
Tarih,Kötülüğün Sıradanlığı - Hannah Arendt,"250,17 TL",https://www.dr.com.tr/kitap/kotulugun-siradanligi/hannah-arendt/arastirma-tarih/politika-arastirma/politika/urunno=0000000319053
Tarih,Günlük Yaşamda Benliğin Sunumu - Erving Goffman,"202,23 TL",https://www.dr.com.tr/kitap/gunluk-yasamda-benligin-sunumu/arastirma-tarih/sosyoloji/urunno=0000000288733
Tarih,Enver - Murat Bardakçı,"749,00 TL",https://www.dr.com.tr/kitap/enver/murat-bardakci/arastirma-tarih/tarih/turk-tarihi/urunno=0002072091001
Tarih,Çankaya - Falih Rıfkı Atay,"315,00 TL",https://www.dr.com.tr/kitap/cankaya/arastirma-tarih/tarih/cumhuriyet-tarihi/urunno=0000000298859
Tarih,Kaybedilen Zaferler - Bir Askerin Hayatı - 2 Ki... - Erich Von Manstein,"569,00 TL",https://www.dr.com.tr/kitap/kaybedilen-zaferler-bir-askerin-hayati-2-kitap-takim-kutulu/arastirma-tarih/tarih/dunya-tarihi/urunno=0002021944001
Tarih,Atatürk'ün Can Dostu Salih Bozok Atatürk'ü Anla... - Salih Bozok,"135,00 TL",https://www.dr.com.tr/kitap/ataturkun-can-dostu-salih-bozok-ataturku-anlatiyor/arastirma-tarih/tarih/ataturk/urunno=0002163659001
Tarih,Kahramanın Sonsuz Yolculuğu - Joseph Campbell,"191,68 TL",https://www.dr.com.tr/kitap/kahramanin-sonsuz-yolculugu/din-mitoloji/mitoloji-efsane/urunno=0001711511001
Tarih,Tağut - Kutsal Aldanışın Soyağacı - Soner Yalçın,"224,70 TL",https://www.dr.com.tr/kitap/tagut-kutsal-aldanisin-soyagaci/soner-yalcin/arastirma-tarih/politika-arastirma/turk-politika/urunno=0002123732001
Tarih,İttihatçılık - İktidar - Süleyman Tekir,"206,66 TL",https://www.dr.com.tr/kitap/ittihatcilik-iktidar/arastirma-tarih/tarih/turk-tarihi/urunno=0002146784001
Tarih,Hanedan - Caesar Hanesi'nin Yükselişi ve Çöküşü - Tom Holland,"266,56 TL",https://www.dr.com.tr/kitap/hanedan-caesar-hanesinin-yukselisi-ve-cokusu/arastirma-tarih/tarih/dunya-tarihi/urunno=0002185228001
Tarih,Düne Kadar Dünya-Geleneksel Toplumlardan Ne Öğr... - Jared Diamond,"625,86 TL",https://www.dr.com.tr/kitap/dune-kadar-dunya-geleneksel-toplumlardan-ne-ogrenebiliriz/arastirma-tarih/tarih/dunya-tarihi/urunno=0002184497002
Tarih,Kayıp Aydınlanma-Arap Fetihlerinden Timur'a Ort... - S. Frederick Starr,"296,50 TL",https://www.dr.com.tr/kitap/kayip-aydinlanma-arap-fetihlerinden-timura-orta-asyanin-altin-cagi/arastirma-tarih/tarih/dunya-tarihi/urunno=0001804066001
Tarih,Neksus - Taş Devri'nden Yapay Zekaya Bilgi Ağla... - Yuval Noah Harari,"381,67 TL",https://www.dr.com.tr/kitap/neksus-tas-devrinden-yapay-zekaya-bilgi-aglarinin-kisa-tarihi/yuval-noah-harari/arastirma-tarih/tarih/dunya-tarihi/urunno=0002138698001
Tarih,Gazi Mustafa Kemal Atatürk - İlber Ortaylı,"296,50 TL",https://www.dr.com.tr/kitap/gazi-mustafa-kemal-ataturk/arastirma-tarih/tarih/ataturk/urunno=0001740229002
Tarih,İttihadçı'nın Sandığı - Murat Bardakçı,"561,75 TL",https://www.dr.com.tr/kitap/ittihadcinin-sandigi/murat-bardakci/arastirma-tarih/tarih/cumhuriyet-tarihi/urunno=0002072092001
Tarih,Sovyet - Japon Savaşı-Stalin'in Uzak Doğu Seferi - Charles Stephenson,"236,60 TL",https://www.dr.com.tr/kitap/sovyet-japon-savasi-stalinin-uzak-dogu-seferi/arastirma-tarih/tarih/dunya-tarihi/urunno=0002160895001
Tarih,Megali İdea - 1821 Mora İsyanı'ndan 1922 Küçük ... - Esra Özsüer,"356,40 TL",https://www.dr.com.tr/kitap/megali-idea-1821-mora-isyanindan-1922-kucuk-asya-bozgununa/arastirma-tarih/mitoloji-efsane/urunno=0002173722001
Tarih,Mitologya - Edith Hamilton,"194,75 TL",https://www.dr.com.tr/kitap/mitologya/din-mitoloji/mitoloji-efsane/urunno=0000000060900
Tarih,Terör-PKK - Engin Alan,"270,00 TL",https://www.dr.com.tr/kitap/teror-pkk/arastirma-tarih/politikaarastirma/turkiye-politika/urunno=0000000715130
Tarih,Türk Ülküsü - Hüseyin Nihal Atsız,"162,25 TL",https://www.dr.com.tr/kitap/turk-ulkusu/arastirma-tarih/tarih/turk-tarihi/urunno=0000000357182
Tarih,Uygarlığın Kökeni Sumerliler - 1 - Muazzez İlmiye Çığ,"234,25 TL",https://www.dr.com.tr/kitap/uygarligin-kokeni-sumerliler-1/arastirma-tarih/tarih/dunya-tarihi/urunno=0000000251695
Tarih,Teşkilat'ın İki Silahşoru - Soner Yalçın,"173,32 TL",https://www.dr.com.tr/kitap/teskilatin-iki-silahsoru/soner-yalcin/arastirma-tarih/politika-arastirma/turkiye-politika-/urunno=0001815387001
Tarih,Atatürk ve Demokratik Türkiye - Halil İnalcık,"176,70 TL",https://www.dr.com.tr/kitap/ataturk-ve-demokratik-turkiye/arastirma-tarih/tarih/turk-tarihi/urunno=0001895877001
Tarih,Ben Öteki ve Ötesi - İbrahim Kalın,"531,00 TL",https://www.dr.com.tr/kitap/ben-oteki-ve-otesi/arastirma-tarih/politikaarastirma/uluslararasi-iliskiler/urunno=0000000700044
Tarih,Muhteşem Süleyman - Erhan Afyoncu,"162,00 TL",https://www.dr.com.tr/kitap/muhtesem-suleyman/arastirma-tarih/tarih/osmanli-tarihi/urunno=0000000354949
Tarih,İbn Battuta Seyahatnamesi - Ebu Abdullah Muhammed İbn ...,"299,50 TL",https://www.dr.com.tr/kitap/ibn-battuta-seyahatnamesi/arastirma-tarih/tarih/dunya-tarihi/urunno=0000000186522
Tarih,Kadın Olmayı Hatırlamak - Bülent Gardiyanoğlu,"155,74 TL",https://www.dr.com.tr/kitap/kadin-olmayi-hatirlamak/arastirma-tarih/kadin/urunno=0000000601613
Tarih,Devletin Gizli Sahipleri Heyet - Halil Yaşar Kollu,"153,75 TL",https://www.dr.com.tr/kitap/devletin-gizli-sahipleri-heyet/arastirma-tarih/politikaarastirma/turkiye-politika/urunno=0000000722561
Tarih,Türklerin Büyükleri-Asya'dan Avrupa'ya Hazar'da... - İlber Ortaylı,"176,70 TL",https://www.dr.com.tr/kitap/turklerin-buyukleri-asyadan-avrupaya-hazardan-akdenize/arastirma-tarih/tarih/turk-tarihi/urunno=0001784810001
Tarih,Hafazanallah!-Nasihatname 2 - Alev Alatlı,"251,75 TL",https://www.dr.com.tr/kitap/hafazanallah-nasihatname-2/arastirma-tarih/politika-arastirma/turkiye-politika-/urunno=0001833761001
Tarih,Sakarya: Türk Bitti Demeden Bitmez-Cephede Mill... - Selim Erdoğan,"236,60 TL",https://www.dr.com.tr/kitap/sakarya-turk-bitti-demeden-bitmez-cephede-milli-mucadele-serisi/selim-erdogan/arastirma-tarih/tarih/turk-tarihi/urunno=0001859135001
Tarih,Büyük Taarruz - Milli Mücadele Serisi - Selim Erdoğan,"236,60 TL",https://www.dr.com.tr/kitap/buyuk-taarruz-milli-mucadele-serisi/arastirma-tarih/tarih/turk-tarihi/urunno=0001904821001
Tarih,Daha Adil Bir Dünya Mümkün - Recep Tayyip Erdoğan,"112,35 TL",https://www.dr.com.tr/kitap/daha-adil-bir-dunya-mumkun/recep-tayyip-erdogan/arastirma-tarih/politika-arastirma/dunya-politika-/urunno=0001934858001
Tarih,İstihbarat Teorisi - Ümit Özdağ,"275,54 TL",https://www.dr.com.tr/kitap/istihbarat-teorisi/arastirma-tarih/politika-arastirma/turk-politika/urunno=0002075987001
Tarih,Avrupa ve Biz - Geçmişten Günümüze - İlber Ortaylı,"176,70 TL",https://www.dr.com.tr/kitap/avrupa-ve-biz-gecmisten-gunumuze/ilber-ortayli/arastirma-tarih/tarih/dunya-tarihi/urunno=0002132202001
Tarih,Dikkat Tank! Achtung Panzer! Tank Muharebelerin... - Heinz Guderian,"176,70 TL",https://www.dr.com.tr/kitap/dikkat-tank-achtung-panzer-tank-muharebelerinin-gelisimi/arastirma-tarih/tarih/dunya-tarihi/urunno=0002176964001
Tarih,Eczanedeki Kırmızı Dolap - Sinem Us,"196,83 TL",https://www.dr.com.tr/kitap/eczanedeki-kirmizi-dolap/arastirma-tarih/tarih/turk-tarihi/urunno=0002183722001
Tarih,İmparatorluktan Cumhuriyete - Halil İnalcık,"176,70 TL",https://www.dr.com.tr/kitap/imparatorluktan-cumhuriyete/arastirma-tarih/tarih/cumhuriyet-tarihi/urunno=0001788681001
Tarih,Tarih Sırasına Göre Bütün Yazıları Seti - 2 Kit... - Nurettin Topçu,"1.462,25 TL",https://www.dr.com.tr/kitap/tarih-sirasina-gore-butun-yazilari-seti-2-kitap-takim/arastirma-tarih/tarih/turk-tarihi/urunno=0002181467001
Tarih,İlk Türkler - Bozkırdan Dünyaya Yayılanlar - Ahmet Taşağıl,"146,76 TL",https://www.dr.com.tr/kitap/ilk-turkler-bozkirdan-dunyaya-yayilanlar/arastirma-tarih/tarih/turk-tarihi/urunno=0001938613001
Tarih,Fesüphanallah!-Nasihatname 1 - Alev Alatlı,"262,15 TL",https://www.dr.com.tr/kitap/fesuphanallah-nasihatname-1/arastirma-tarih/politika-arastirma/turkiye-politika-/urunno=0001833760001
Tarih,Kadim Türkler - Eski Dünyanın Hakimleri - Ahmet Taşağıl,"146,76 TL",https://www.dr.com.tr/kitap/kadim-turkler-eski-dunyanin-hakimleri/arastirma-tarih/tarih/turk-tarihi/urunno=0002120731001
Tarih,Sızıntı Wikileaks'te Ünlü Türkler - Barış Terkoğlu,"185,70 TL",https://www.dr.com.tr/kitap/sizinti-wikileakste-unlu-turkler/arastirma-tarih/politikaarastirma/turkiye-politika/urunno=0000000386963
Tarih,Savaş Günlükleri - Kont Galeazzo Ciano,"266,56 TL",https://www.dr.com.tr/kitap/savas-gunlukleri/arastirma-tarih/tarih/dunya-tarihi/urunno=0001702073001
Tarih,Cumhuriyet'in İlk Yüzyılı 1923-2023 - İlber Ortaylı,"176,70 TL",https://www.dr.com.tr/kitap/cumhuriyetin-ilk-yuzyili-1923-2023/ilber-ortayli/arastirma-tarih/tarih/cumhuriyet-tarihi/urunno=0001707615001
Tarih,İşgal: İstanbulda Yabancı Güçler 1918 - 1923 - Turan Akıncı,"430,25 TL",https://www.dr.com.tr/kitap/isgal-istanbul%E2%80%99da-yabanci-gucler-1918-1923/arastirma-tarih/tarih/osmanli-tarihi/urunno=0001874017001
Tarih,Bala Es-Kar - Gök Türk,"467,23 TL",https://www.dr.com.tr/kitap/bala-es-kar/mitoloji-efsane/urunno=0001877147001
Tarih,İstiklal - Vatanımda Bir Tek Düşman Kalmasın - Selim Erdoğan,"236,60 TL",https://www.dr.com.tr/kitap/istiklal-vatanimda-bir-tek-dusman-kalmasin/arastirma-tarih/tarih/turk-tarihi/urunno=0001998122001
Tarih,Kavgam - Orijinal Dilden Çeviri - Tam Metin - Adolf Hitler,"162,00 TL",https://www.dr.com.tr/kitap/kavgam-orijinal-dilden-ceviri-tam-metin/arastirma-tarih/politika-arastirma/dunya-politika-/urunno=0002106208001
Tarih,Gölge - Eray Hacıosmanoğlu,"171,63 TL",https://www.dr.com.tr/kitap/golge/eray-haciosmanoglu/arastirma-tarih/politika-arastirma/politika/urunno=0002147203001
Tarih,Alaycı Kuş - Banu Avar,"122,25 TL",https://www.dr.com.tr/kitap/alayci-kus/banu-avar/arastirma-tarih/politika-arastirma/turk-politika/urunno=0002158755001
Tarih,Bağdat Güncesi: Türkiye Ortadoğu ve Dünya İçin ... - Sönmez Köksal,"236,60 TL",https://www.dr.com.tr/kitap/bagdat-guncesi-turkiye-ortadogu-ve-dunya-icin-kritik-yillar-1986-1990/arastirma-tarih/politika-arastirma/dunya-politika-/urunno=0002185229001
Tarih,Ya Adalet Ya Sefalet - Daha Yaşanır Bir Türkiye... - Selçuk Şirin,"134,87 TL",https://www.dr.com.tr/kitap/ya-adalet-ya-sefalet-daha-yasanir-bir-turkiye-icin-7-mesele-7-recete/selcuk-sirin/arastirma-tarih/politika-arastirma/turkiye-politika-/urunno=0002023162001
Tarih,Umrandan Uygarlığa - Cemil Meriç,"251,64 TL",https://www.dr.com.tr/kitap/umrandan-uygarliga/cemil-meric/arastirma-tarih/sosyoloji/urunno=0000000061950
Tarih,Kök Tengri'nin Çocukları - Ahmet Taşağıl,"239,70 TL",https://www.dr.com.tr/kitap/kok-tengrinin-cocuklari/arastirma-tarih/tarih/turk-tarihi/urunno=0000000441634
Tarih,Devlet Ve İşadamları - Ayşe Buğra,"269,12 TL",https://www.dr.com.tr/kitap/devlet-ve-isadamlari/ayse-bugra/arastirma-tarih/politika-arastirma/turkiye-politika-/urunno=0000000061846
Tarih,Darağacında Üç Fidan - Nihat Behram,"161,60 TL",https://www.dr.com.tr/kitap/daragacinda-uc-fidan/nihat-behram/arastirma-tarih/politika-arastirma/turkiye-politika-/urunno=0000000105809
Tarih,Dünya Tarihi-Genç Okurlar İçin - Ernst H. Gombrıch,"251,75 TL",https://www.dr.com.tr/kitap/dunya-tarihi-genc-okurlar-icin/arastirma-tarih/tarih/dunya-tarihi/urunno=0000000053459
Tarih,Bizansın Gizli Tarihi - Hasan Ali Yücel Klasikleri - Prokopius,"68,29 TL",https://www.dr.com.tr/kitap/bizansin-gizli-tarihi-hasan-ali-yucel-klasikleri/arastirma-tarih/tarih/dunya-tarihi/urunno=0000000225957
Tarih,Canına Tak Eden Kadınlar - Sibel Hürtaş,"150,29 TL",https://www.dr.com.tr/kitap/canina-tak-eden-kadinlar/arastirma-tarih/kadin/urunno=0000000602327
Tarih,Savaş Sanatı - Sun Tzu,"209,75 TL",https://www.dr.com.tr/kitap/savas-sanati/osman-pamukoglu/arastirma-tarih/politika-arastirma/politika/urunno=0000000590044
Tarih,Rockefeller Ailesi - Ali Kuzu,"285,18 TL",https://www.dr.com.tr/kitap/rockefeller-ailesi/ali-kuzu/arastirma-tarih/politika-arastirma/dunya-politika-/urunno=0000000667300
Tarih,Nutuk - Mustafa Kemal Atatürk,"145,80 TL",https://www.dr.com.tr/kitap/nutuk/arastirma-tarih/tarih/ataturk/urunno=0000000066348
Tarih,Devletin Gizli Sırları Heyet 2 - Halil Yaşar Kollu,"160,45 TL",https://www.dr.com.tr/kitap/devletin-gizli-sirlari-heyet-2/arastirma-tarih/politikaarastirma/turkiye-politika/urunno=0001706086001
Tarih,Nutuk - Mustafa Kemal Atatürk,"159,01 TL",https://www.dr.com.tr/kitap/nutuk/arastirma-tarih/tarih/ataturk/urunno=0001720020001
Tarih,Devlet ve Kimlik - Aytunç Altındal,"119,80 TL",https://www.dr.com.tr/kitap/devlet-ve-kimlik/arastirma-tarih/politikaarastirma/turkiye-politika/urunno=0001744755001
Tarih,Türkiyede ve Dünyada Casuslar - Aytunç Altındal,"107,82 TL",https://www.dr.com.tr/kitap/turkiyede-ve-dunyada-casuslar/arastirma-tarih/politikaarastirma/turkiye-politika/urunno=0001751234001
Tarih,Sultanın Korsanları - Emrah Safa Gürkan,"296,50 TL",https://www.dr.com.tr/kitap/sultanin-korsanlari/arastirma-tarih/tarih/osmanli-tarihi/urunno=0001780787001
Tarih,Darbe İçinde Darbe-15 Temmuz Sürecinin Diyalektiği - Merdan Yanardağ,"142,37 TL",https://www.dr.com.tr/kitap/darbe-icinde-darbe-15-temmuz-surecinin-diyalektigi/arastirma-tarih/politika-arastirma/turkiye-politika-/urunno=0001834292001
Tarih,Antik Çağdan Geleceğe Para-Paranın Yazılmamış T... - Dursun Ali Yaz,"277,13 TL",https://www.dr.com.tr/kitap/antik-cagdan-gelecege-para-paranin-yazilmamis-tarihi/arastirma-tarih/tarih/dunya-tarihi/urunno=0001855121001
Tarih,Gavur Mümin-Gazi Paşa'nın Casusu - Yaşar Aksoy,"154,75 TL",https://www.dr.com.tr/kitap/gavur-mumin-gazi-pasanin-casusu/yasar-aksoy/arastirma-tarih/tarih/turk-tarihi/urunno=0001867017001
Tarih,Heyet 4-Türklerin Kutsal Hikayesi - Halil Yaşar Kollu,"143,50 TL",https://www.dr.com.tr/kitap/heyet-4-turklerin-kutsal-hikayesi/halil-yasar-kollu/arastirma-tarih/tarih/turk-tarihi/urunno=0001863029001
Tarih,Diplomasi - Henry Kissinger,"561,75 TL",https://www.dr.com.tr/kitap/diplomasi/arastirma-tarih/politika-arastirma/politika/urunno=0002005219001
Bilim Kurgu,Cesur Yeni Dünya - Aldous Huxley,"131,78 TL",https://www.dr.com.tr/kitap/cesur-yeni-dunya/edebiyat/roman/bilim-kurgu/urunno=0000000066424
Bilim Kurgu,Fahrenheit 451 - Ray Bradbury,"119,80 TL",https://www.dr.com.tr/kitap/fahrenheit-451/ray-bradbury/edebiyat/roman/bilim-kurgu/urunno=0001750151001
Bilim Kurgu,Vakıf - Isaac Asimov,"167,72 TL",https://www.dr.com.tr/kitap/vakif/edebiyat/roman/bilim-kurgu/urunno=0001730588001
Bilim Kurgu,Rama'yla Buluşma - Bilimkurgu Klasikleri - Arthur C. Clarke,"155,74 TL",https://www.dr.com.tr/kitap/ramayla-bulusma-bilimkurgu-klasikleri/edebiyat/roman/bilim-kurgu/urunno=0002185263001
Bilim Kurgu,Zaman Makinesi - H.G. Wells,"40,73 TL",https://www.dr.com.tr/kitap/zaman-makinesi/edebiyat/roman/bilim-kurgu/urunno=0001731073001
Bilim Kurgu,Dune Serisi Seti - 6 Kitap Takım - Frank Herbert,"1.512,50 TL",https://www.dr.com.tr/kitap/dune-serisi-seti-6-kitap-takim/edebiyat/roman/bilim-kurgu/urunno=0002172076001
Bilim Kurgu,Yüksek Şatodaki Adam - Bilimkurgu Klasikleri - Philip K. Dick,"164,73 TL",https://www.dr.com.tr/kitap/yuksek-satodaki-adam-bilimkurgu-klasikleri/philip-k-dick/edebiyat/roman/bilim-kurgu/urunno=0002180222001
Bilim Kurgu,Dune - Frank Herbert,"359,40 TL",https://www.dr.com.tr/kitap/dune/edebiyat/roman/bilim-kurgu/urunno=0000000662978
Bilim Kurgu,İkinci Vakıf-Vakıf Serisi - Isaac Asimov,"179,70 TL",https://www.dr.com.tr/kitap/ikinci-vakif-vakif-serisi/edebiyat/roman/bilim-kurgu/urunno=0001752442001
Bilim Kurgu,Karanlığın Sol Eli - Ursula K. Le Guin,"218,70 TL",https://www.dr.com.tr/kitap/karanligin-sol-eli/edebiyat/roman/bilim-kurgu/urunno=0000000065354
Bilim Kurgu,Vakıf ve İmparatorluk - Isaac Asimov,"179,70 TL",https://www.dr.com.tr/kitap/vakif-ve-imparatorluk/edebiyat/roman/bilim-kurgu/urunno=0001743352001
Bilim Kurgu,Vakıfın Sınırı - Vakıf Serisi - Isaac Asimov,"251,58 TL",https://www.dr.com.tr/kitap/vakifin-siniri-vakif-serisi/isaac-asimov/edebiyat/roman/bilim-kurgu/urunno=0001911626001
Bilim Kurgu,Vakıf ve Dünya - Vakıf Serisi - Isaac Asimov,"299,50 TL",https://www.dr.com.tr/kitap/vakif-ve-dunya-vakif-serisi/edebiyat/roman/bilim-kurgu/urunno=0001919820001
Bilim Kurgu,Kadınlar Ülkesi - Charlotte Perkins Gilman,"95,84 TL",https://www.dr.com.tr/kitap/kadinlar-ulkesi/edebiyat/roman/bilim-kurgu/urunno=0001781964001
Bilim Kurgu,Ölümün Sonu - Cixin Liu,"443,26 TL",https://www.dr.com.tr/kitap/olumun-sonu/edebiyat/roman/bilim-kurgu/urunno=0001891480001
Bilim Kurgu,Solaris - SL10 Roman - Stanislaw Lem,"185,60 TL",https://www.dr.com.tr/kitap/solaris-sl10-roman/stanislaw-lem/edebiyat/roman/bilim-kurgu/urunno=0002016500001
Bilim Kurgu,Düşersem Tutar mısın? - Barry Jonsberg,"180,00 TL",https://www.dr.com.tr/kitap/dusersem-tutar-misin/edebiyat/roman/bilim-kurgu/urunno=0002162980001
Bilim Kurgu,Otostopçunun Galaksi Rehberi - Douglas Adams,"204,50 TL",https://www.dr.com.tr/kitap/otostopcunun-galaksi-rehberi/edebiyat/roman/bilim-kurgu/urunno=0001705120001
Bilim Kurgu,Ben Robot - Isaac Asimov,"149,75 TL",https://www.dr.com.tr/kitap/ben-robot/edebiyat/roman/bilim-kurgu/urunno=0000000720264
Bilim Kurgu,Yol - Cormac McCarthy,"167,72 TL",https://www.dr.com.tr/kitap/yol/edebiyat/roman/bilim-kurgu/urunno=0001804573001
Bilim Kurgu,Metal Fırtına 2 - Kurtuluş - Burak Turna,"168,74 TL",https://www.dr.com.tr/kitap/metal-firtina-2-kurtulus/edebiyat/roman/bilim-kurgu/urunno=0002146725001
Bilim Kurgu,10.Boyut - Göktürk,"531,00 TL",https://www.dr.com.tr/kitap/10boyut/edebiyat/roman/bilim-kurgu/urunno=0002025392001
Bilim Kurgu,Sürü - Frank Schatzing,"225,81 TL",https://www.dr.com.tr/kitap/suru/edebiyat/roman/bilim-kurgu/urunno=0000000663726
Bilim Kurgu,Karanlık Orman - Cixin Liu,"347,42 TL",https://www.dr.com.tr/kitap/karanlik-orman/edebiyat/roman/bilim-kurgu/urunno=0001789816001
Bilim Kurgu,Ay'da İlk İnsanlar - H.G. Wells,"76,67 TL",https://www.dr.com.tr/kitap/ayda-ilk-insanlar/edebiyat/roman/bilim-kurgu/urunno=0001956252001
Bilim Kurgu,Yanılsamalar Şehri - Ursula K. Le Guin,"203,73 TL",https://www.dr.com.tr/kitap/yanilsamalar-sehri/ursula-k-le-guin/edebiyat/roman/bilim-kurgu/urunno=0002170100001
Bilim Kurgu,Dünyalar Savaşı - H.G. Wells,"89,85 TL",https://www.dr.com.tr/kitap/dunyalar-savasi/edebiyat/roman/bilim-kurgu/urunno=0001834800001
Bilim Kurgu,Gökteki Göz - Philip K. Dick,"159,01 TL",https://www.dr.com.tr/kitap/gokteki-goz/edebiyat/roman/bilim-kurgu/urunno=0000000654149
Bilim Kurgu,Her Yerden Çok Uzakta - Ursula K. Le Guin,"127,25 TL",https://www.dr.com.tr/kitap/her-yerden-cok-uzakta/edebiyat/roman/bilim-kurgu/urunno=0000000065172
Bilim Kurgu,Otostopçunun Galaksi Rehberi - 5 Kitap Bir Arada - Douglas Adams,"913,25 TL",https://www.dr.com.tr/kitap/otostopcunun-galaksi-rehberi-5-kitap-bir-arada/edebiyat/roman/bilim-kurgu/urunno=0001711082001
Bilim Kurgu,İşkencecinin Gölgesi - Gene Wolfe,"179,70 TL",https://www.dr.com.tr/kitap/iskencecinin-golgesi/gene-wolfe/edebiyat/roman/bilim-kurgu/urunno=0001846258001
Bilim Kurgu,Valis-PKD - Philip K. Dick,"191,46 TL",https://www.dr.com.tr/kitap/valis-pkd/philip-k-dick/edebiyat/roman/bilim-kurgu/urunno=0001870383001
Bilim Kurgu,Nefes - Ted Chiang,"194,70 TL",https://www.dr.com.tr/kitap/nefes/edebiyat/roman/bilim-kurgu/urunno=0001861505001
Bilim Kurgu,1984 - Bilimkurgu Klasikleri - George Orwell,"131,78 TL",https://www.dr.com.tr/kitap/1984-bilimkurgu-klasikleri/edebiyat/roman/bilim-kurgu/urunno=0001902899001
Bilim Kurgu,İç Savaş: Bir Marvel Evreni Romanı - Stuart Moore,"179,70 TL",https://www.dr.com.tr/kitap/ic-savas-bir-marvel-evreni-romani/edebiyat/roman/bilim-kurgu/urunno=0001908301001
Bilim Kurgu,Abraham - Geçmiş Değişir - Eda Gökçeli,"127,17 TL",https://www.dr.com.tr/kitap/abraham-gecmis-degisir/edebiyat/roman/bilim-kurgu/urunno=0001927064001
Bilim Kurgu,Güneşin Öldüğü Gün - Yan Lianke,"179,70 TL",https://www.dr.com.tr/kitap/gunesin-oldugu-gun/edebiyat/roman/bilim-kurgu/urunno=0001974836001
Bilim Kurgu,Neuromancer - Bilimkurgu Klasikleri - William Gibson,"179,70 TL",https://www.dr.com.tr/kitap/neuromancer-bilimkurgu-klasikleri/william-gibson/edebiyat/roman/bilim-kurgu/urunno=0002033817001
Bilim Kurgu,Tohumdan Hasada: Örüntücüler Dörtlemesi - Bilim... - Octavia E. Butler,"479,20 TL",https://www.dr.com.tr/kitap/tohumdan-hasada-oruntuculer-dortlemesi-bilimkurgu-klasikleri/edebiyat/roman/bilim-kurgu/urunno=0002042914001
Bilim Kurgu,Altın Çağ - Servet Bal,"108,00 TL",https://www.dr.com.tr/kitap/altin-cag/edebiyat/roman/bilim-kurgu/urunno=0002103801001
Bilim Kurgu,Demir Dul - Xiran Jay Zhao,"149,75 TL",https://www.dr.com.tr/kitap/demir-dul/edebiyat/roman/bilim-kurgu/urunno=0002097130001
Bilim Kurgu,Dune: Makinelerin Seferi - Brian Herbert,"509,15 TL",https://www.dr.com.tr/kitap/dune-makinelerin-seferi/edebiyat/roman/bilim-kurgu/urunno=0002139129001
Bilim Kurgu,Dokuz - Cheon Seon Ran,"225,00 TL",https://www.dr.com.tr/kitap/dokuz/edebiyat/roman/bilim-kurgu/urunno=0002142457001
Bilim Kurgu,Mor Bulut - M. P. Shiel,"167,72 TL",https://www.dr.com.tr/kitap/mor-bulut/edebiyat/roman/bilim-kurgu/urunno=0002173711001
Bilim Kurgu,Son ve Diğer Başlangıçlar: Gelecekten Hikayeler - Veronica Roth,"164,73 TL",https://www.dr.com.tr/kitap/son-ve-diger-baslangiclar-gelecekten-hikayeler/edebiyat/roman/bilim-kurgu/urunno=0002176988001
Bilim Kurgu,Kallokain - Bilimkurgu Klasikleri - ,"119,80 TL",https://www.dr.com.tr/kitap/kallokain-bilimkurgu-klasikleri/edebiyat/roman/bilim-kurgu/urunno=0001873678001
Bilim Kurgu,Sonsuzluğun Sonu - Isaac Asimov,"155,76 TL",https://www.dr.com.tr/kitap/sonsuzlugun-sonu/edebiyat/roman/bilim-kurgu/urunno=0000000677804
Bilim Kurgu,Kurtuluş Projesi - Andy Weir,"239,60 TL",https://www.dr.com.tr/kitap/kurtulus-projesi/edebiyat/roman/bilim-kurgu/urunno=0001935923001
Bilim Kurgu,Callahan Günlükleri - Bilimkurgu Klasikleri - Spider Robinson,"299,50 TL",https://www.dr.com.tr/kitap/callahan-gunlukleri-bilimkurgu-klasikleri/edebiyat/roman/bilim-kurgu/urunno=0002025279001
Bilim Kurgu,Biz - Yevgeni Zamyatin,"125,82 TL",https://www.dr.com.tr/kitap/biz/yevgeni-zamyatin/edebiyat/roman/bilim-kurgu/urunno=0002088613001
Bilim Kurgu,Akıl Odaları - Fatih Cem Gülbent,"160,38 TL",https://www.dr.com.tr/kitap/akil-odalari/edebiyat/roman/bilim-kurgu/urunno=0002144930001
Bilim Kurgu,Hyperion Kantoları 1. Kitap - Dan Simmons,"263,56 TL",https://www.dr.com.tr/kitap/hyperion-kantolari-1-kitap/edebiyat/roman/bilim-kurgu/urunno=0002162964001
Bilim Kurgu,Snowglobe - Kar Küresi - Soyoung Park,"265,50 TL",https://www.dr.com.tr/kitap/snowglobe-kar-kuresi/edebiyat/roman/bilim-kurgu/urunno=0002151934001
Bilim Kurgu,Arincon Cilt 2 - Zihin Aynası - Fatih Cem Gülbent,"182,25 TL",https://www.dr.com.tr/kitap/arincon-cilt-2-zihin-aynasi/fatih-cem-gulbent/edebiyat/roman/bilim-kurgu/urunno=0002165718001
Bilim Kurgu,Yüksek Şatodaki Adam - Philip K. Dick,"191,46 TL",https://www.dr.com.tr/kitap/yuksek-satodaki-adam/edebiyat/roman/bilim-kurgu/urunno=0001890756001
Bilim Kurgu,Dune Tanrı İmparatoru - Frank Herbert,"269,55 TL",https://www.dr.com.tr/kitap/dune-tanri-imparatoru-clz/edebiyat/roman/bilim-kurgu/urunno=0001723185001
Bilim Kurgu,Frankenstein Ya Da Modern Prometheus - Mary Shelley,"89,85 TL",https://www.dr.com.tr/kitap/frankenstein-ya-da-modern-prometheus/edebiyat/roman/bilim-kurgu/urunno=0000000689378
Bilim Kurgu,Dünyalılar Bilimkurgu Öyküleri - Kolektif,"111,84 TL",https://www.dr.com.tr/kitap/dunyalilar-bilimkurgu-oykuleri/edebiyat/roman/bilim-kurgu/urunno=0000000692645
Bilim Kurgu,Dünyalar Savaşı - H.G. Wells,"107,82 TL",https://www.dr.com.tr/kitap/dunyalar-savasi/edebiyat/roman/bilim-kurgu/urunno=0001734037001
Bilim Kurgu,Nexus-Yükle - Ramez Naam,"262,15 TL",https://www.dr.com.tr/kitap/nexus-yukle/edebiyat/roman/bilim-kurgu/urunno=0001760628001
Bilim Kurgu,Toz Gibi Yıldızlar-Galaktik İmparatorluk Serisi 1 - Isaac Asimov,"167,72 TL",https://www.dr.com.tr/kitap/toz-gibi-yildizlar-galaktik-imparatorluk-serisi-1/edebiyat/roman/bilim-kurgu/urunno=0001766107001
Bilim Kurgu,Biz - Yevgeny Zamyatin,"101,83 TL",https://www.dr.com.tr/kitap/biz/edebiyat/roman/bilim-kurgu/urunno=0001834595001
Bilim Kurgu,Zaman Makinesi - Bez Ciltli - H.G. Wells,"84,37 TL",https://www.dr.com.tr/kitap/zaman-makinesi-bez-ciltli/h-g-wells/edebiyat/roman/bilim-kurgu/urunno=0001887292001
Bilim Kurgu,Hayvan Çiftliği - Bilimkurgu Klasikleri - George Orwell,"89,85 TL",https://www.dr.com.tr/kitap/hayvan-ciftligi-bilimkurgu-klasikleri/edebiyat/roman/bilim-kurgu/urunno=0001902900001
Bilim Kurgu,Çiftlik - Joanne Ramos,"179,70 TL",https://www.dr.com.tr/kitap/ciftlik/joanne-ramos/edebiyat/roman/bilim-kurgu/urunno=0001967360001
Bilim Kurgu,Ubik-PKD - Philip K. Dick,"178,48 TL",https://www.dr.com.tr/kitap/ubik-pkd/edebiyat/roman/bilim-kurgu/urunno=0001958898001
Bilim Kurgu,Dr. Gelecek - Philip K. Dick,"159,01 TL",https://www.dr.com.tr/kitap/dr-gelecek/edebiyat/roman/bilim-kurgu/urunno=0002049090001
Bilim Kurgu,Maruba (Bilinmeyen Gezegen) - Aydın Kayabaşı,"108,00 TL",https://www.dr.com.tr/kitap/maruba-bilinmeyen-gezegen-/aydin-kayabasi/edebiyat/roman/bilim-kurgu/urunno=0002164707001
Bilim Kurgu,Var Olduğun Gün - Soyoung Park,"225,00 TL",https://www.dr.com.tr/kitap/var-oldugun-gun/edebiyat/roman/bilim-kurgu/urunno=0002162979001
Bilim Kurgu,Mickey 7 - Edward Ashton,"143,76 TL",https://www.dr.com.tr/kitap/mickey-7/edebiyat/roman/bilim-kurgu/urunno=0002162209001
Bilim Kurgu,Üç Cisim Problemi - Cixin Liu,"227,62 TL",https://www.dr.com.tr/kitap/uc-cisim-problemi/edebiyat/roman/bilim-kurgu/urunno=0000000669361
Bilim Kurgu,Geliş - Ted Chiang,"194,70 TL",https://www.dr.com.tr/kitap/gelis/edebiyat/roman/bilim-kurgu/urunno=0001685893001
Bilim Kurgu,İmparatorluk Denen Bir Anı - Arkady Martine,"179,70 TL",https://www.dr.com.tr/kitap/imparatorluk-denen-bir-ani/edebiyat/roman/bilim-kurgu/urunno=0002053545001
Bilim Kurgu,Kızıl Yıldızı 2 - Mühendis Menni - Aleksandr Bogdanov,"151,81 TL",https://www.dr.com.tr/kitap/kizil-yildizi-2-muhendis-menni/edebiyat/roman/bilim-kurgu/urunno=0000000408442
Bilim Kurgu,Doctor Who Trenzalore Öyküleri - Ekin Odabaş,"164,73 TL",https://www.dr.com.tr/kitap/doctor-who-trenzalore-oykuleri/ekin-odabas/edebiyat/roman/bilim-kurgu/urunno=0000000653488
Bilim Kurgu,Geri Bakış - Edward Bellamy,"252,00 TL",https://www.dr.com.tr/kitap/geri-bakis/edebiyat/roman/bilim-kurgu/urunno=0000000585016
Bilim Kurgu,Rocannon'un Dünyası - Ursula K. Le Guin,"134,82 TL",https://www.dr.com.tr/kitap/rocannonun-dunyasi/edebiyat/roman/bilim-kurgu/urunno=0000000057094
Bilim Kurgu,İnsansılar - Robert J. Sawyer,"225,00 TL",https://www.dr.com.tr/kitap/insansilar/robert-j-sawyer/edebiyat/roman/bilim-kurgu/urunno=0000000360200
Bilim Kurgu,Dinozorların Sessiz Gecesi 4 - Hoimar Von Ditfurth,"146,03 TL",https://www.dr.com.tr/kitap/dinozorlarin-sessiz-gecesi-4/edebiyat/roman/bilim-kurgu/urunno=0000000067600
Bilim Kurgu,Efendi Uyanıyor - H.G. Wells,"193,73 TL",https://www.dr.com.tr/kitap/efendi-uyaniyor/edebiyat/roman/bilim-kurgu/urunno=0000000431532
Bilim Kurgu,Nessahira - Esin Kıroğlu,"34,20 TL",https://www.dr.com.tr/kitap/nessahira/esin-kiroglu/edebiyat/roman/bilim-kurgu/urunno=0000000573002
Bilim Kurgu,Proxy - Alex London,"409,50 TL",https://www.dr.com.tr/kitap/proxy/alex-london/edebiyat/roman/bilim-kurgu/urunno=0000000628720
Bilim Kurgu,Albemuth Özgür Radyosu - Philip K. Dick,"279,00 TL",https://www.dr.com.tr/kitap/albemuth-ozgur-radyosu/edebiyat/roman/bilim-kurgu/urunno=0000000635824
Bilim Kurgu,Human Form - Güven - Aslı Levent,"153,78 TL",https://www.dr.com.tr/kitap/human-form-guven/asli-levent/edebiyat/roman/bilim-kurgu/urunno=0000000636628
Bilim Kurgu,Demir Konsey - China Mieville,"415,48 TL",https://www.dr.com.tr/kitap/demir-konsey/edebiyat/roman/bilim-kurgu/urunno=0000000637006
Bilim Kurgu,Sahibinin Sesi - Stanislaw Lem,"194,70 TL",https://www.dr.com.tr/kitap/sahibinin-sesi/stanislaw-lem/edebiyat/roman/bilim-kurgu/urunno=0000000628210
Bilim Kurgu,Bu Bir Oyun Değil - Walter Jon Williams,"188,07 TL",https://www.dr.com.tr/kitap/bu-bir-oyun-degil/edebiyat/roman/bilim-kurgu/urunno=0000000630636
Bilim Kurgu,Biz - Yevgeny Zamyatin,"111,86 TL",https://www.dr.com.tr/kitap/biz/yevgeni-zamyatin/edebiyat/roman/bilim-kurgu/urunno=0000000642188
Bilim Kurgu,Kıyamete Bir Milyar Yıl - Boris Strugatski,"107,82 TL",https://www.dr.com.tr/kitap/kiyamete-bir-milyar-yil/edebiyat/roman/bilim-kurgu/urunno=0000000665445
Bilim Kurgu,Metro 2034 - Dmitry Glukhovsky,"299,60 TL",https://www.dr.com.tr/kitap/metro-2034/edebiyat/roman/bilim-kurgu/urunno=0000000667879
Bilim Kurgu,Nessahira 2 - Esin Kıroğlu,"39,60 TL",https://www.dr.com.tr/kitap/nessahira-2/esin-kiroglu/edebiyat/roman/bilim-kurgu/urunno=0000000666139
Bilim Kurgu,Krizalitler - John Wyndham,"234,00 TL",https://www.dr.com.tr/kitap/krizalitler/edebiyat/roman/bilim-kurgu/urunno=0000000679604
Bilim Kurgu,Dune Mesihi - Frank Herbert,"179,70 TL",https://www.dr.com.tr/kitap/dune-mesihi/edebiyat/roman/bilim-kurgu/urunno=0000000681602
Bilim Kurgu,Tüm Sırların Sahibi Kız - Film Özel Baskı - M. R. Carey,"188,07 TL",https://www.dr.com.tr/kitap/tum-sirlarin-sahibi-kiz-film-ozel-baski/edebiyat/roman/bilim-kurgu/urunno=0000000691798
Bilim Kurgu,Yıkıma Giden Adam - Alfred Bester,"167,72 TL",https://www.dr.com.tr/kitap/yikima-giden-adam-clz/edebiyat/roman/bilim-kurgu/urunno=0000000689212
Bilim Kurgu,Elçilik Kenti - China Mieville,"367,54 TL",https://www.dr.com.tr/kitap/elcilik-kenti/china-mieville/edebiyat/roman/bilim-kurgu/urunno=0000000712243
Bilim Kurgu,Lesabendio-Bir Asteroid Romanı - Paul Scheerbart,"196,86 TL",https://www.dr.com.tr/kitap/lesabendio-bir-asteroid-romani/edebiyat/roman/bilim-kurgu/urunno=0001705001001
Bilim Kurgu,Elveda ve Bütün O Balıklar İçin Teşekkürler - Douglas Adams,"146,03 TL",https://www.dr.com.tr/kitap/elveda-ve-butun-o-baliklar-icin-tesekkurler/edebiyat/roman/bilim-kurgu/urunno=0001705122001
Bilim Kurgu,Vitro - Ezgi Gültekin,"169,20 TL",https://www.dr.com.tr/kitap/vitro/edebiyat/roman/bilim-kurgu/urunno=0001706904001
Bilim Kurgu,Ay'a Yolculuk - A. de Ville d'Avray,"216,00 TL",https://www.dr.com.tr/kitap/aya-yolculuk/edebiyat/roman/bilim-kurgu/urunno=0001700886001
Bilim Kurgu,Biz - Yevgeny Zamyatin,"229,50 TL",https://www.dr.com.tr/kitap/biz/edebiyat/roman/bilim-kurgu/urunno=0001701705001
Bilim Kurgu,Nessahira 3 - Esin Kıroğlu,"32,40 TL",https://www.dr.com.tr/kitap/nessahira-3/edebiyat/roman/bilim-kurgu/urunno=0001702976001
Bilim Kurgu,Karantina-Azizler 2. Kitap - Lex Thomas,"188,07 TL",https://www.dr.com.tr/kitap/karantina-azizler-2-kitap/edebiyat/roman/bilim-kurgu/urunno=0001700313001
Bilim Kurgu,Şikeste - Doris Lessing,"449,10 TL",https://www.dr.com.tr/kitap/sikeste/edebiyat/roman/bilim-kurgu/urunno=0001722945001
Bilim Kurgu,Merhamet - Ann Leckie,"179,70 TL",https://www.dr.com.tr/kitap/merhamet/edebiyat/roman/bilim-kurgu/urunno=0001719387001
Bilim Kurgu,Toz - Wool 3 - Hugh Howey,"243,38 TL",https://www.dr.com.tr/kitap/toz-wool-3/edebiyat/roman/bilim-kurgu/urunno=0001720218001
Bilim Kurgu,Atlantis Geni-Kökenin Gizemi 1 - A. G. Riddle,"188,07 TL",https://www.dr.com.tr/kitap/atlantis-geni-kokenin-gizemi-1/edebiyat/roman/bilim-kurgu/urunno=0001747972001
Bilim Kurgu,Vahşi Kızlar - Ursula K. Le Guin,"109,35 TL",https://www.dr.com.tr/kitap/vahsi-kizlar-clz/edebiyat/roman/bilim-kurgu/urunno=0001740303001
Bilim Kurgu,Kaçış - Scott Sigler,"142,78 TL",https://www.dr.com.tr/kitap/kacis/edebiyat/roman/bilim-kurgu/urunno=0001742033001
Bilim Kurgu,Demirdenizi - China Mieville,"303,62 TL",https://www.dr.com.tr/kitap/demirdenizi/edebiyat/roman/bilim-kurgu/urunno=0001748930001
Bilim Kurgu,Masal Dağı'nın Sırrı - Gündüz Öğüt,"198,00 TL",https://www.dr.com.tr/kitap/masal-daginin-sirri-clz/edebiyat/roman/bilim-kurgu/urunno=0001745635001
Bilim Kurgu,Ve Başka Bir Şey Daha - Eoin Colfer,"256,36 TL",https://www.dr.com.tr/kitap/ve-baska-bir-sey-daha/edebiyat/roman/bilim-kurgu/urunno=0001741034001
Bilim Kurgu,Çekirge Ormanı - Andrew Smith,"75,00 TL",https://www.dr.com.tr/kitap/cekirge-ormani/edebiyat/roman/bilim-kurgu/urunno=0001765519001
Bilim Kurgu,Bildiğimiz Dünyanın Sonu - Erlend Loe,"143,76 TL",https://www.dr.com.tr/kitap/bildigimiz-dunyanin-sonu/edebiyat/roman/bilim-kurgu/urunno=0001765538001
Bilim Kurgu,Bir Astronotun Sonsuz Yolculuğu - Jaroslav Kalfar,"143,76 TL",https://www.dr.com.tr/kitap/bir-astronotun-sonsuz-yolculugu/edebiyat/roman/bilim-kurgu/urunno=0001760681001
Bilim Kurgu,Düşmüş Melekler - Richard K. Morgan,"203,66 TL",https://www.dr.com.tr/kitap/dusmus-melekler/edebiyat/roman/bilim-kurgu/urunno=0001752441001
Bilim Kurgu,Yaşlı Adamın Savaşı - John Scalzi,"197,67 TL",https://www.dr.com.tr/kitap/yasli-adamin-savasi/edebiyat/roman/bilim-kurgu/urunno=0001770155001
Bilim Kurgu,Lucky Strike - Kim Stanley Robinson,"109,35 TL",https://www.dr.com.tr/kitap/lucky-strike/edebiyat/roman/bilim-kurgu/urunno=0001780271001
Bilim Kurgu,Dünyalar Savaşı - H.G. Wells,"146,03 TL",https://www.dr.com.tr/kitap/dunyalar-savasi/edebiyat/roman/bilim-kurgu/urunno=0001772574001
Bilim Kurgu,Kader Ajanları Toplu Öyküler 2.Cilt-PKD - Philip K. Dick,"321,26 TL",https://www.dr.com.tr/kitap/kader-ajanlari-toplu-oykuler-2-cilt-pkd/edebiyat/roman/bilim-kurgu/urunno=0001772518001
